href,Time,Type,Map,Score,Rated
/game/8892316,2023-08-14 00:32:27,ca,eviscerated,10:9,A
/game/8892261,2023-08-14 00:15:36,ca,hearth,10:6,A
/game/8892223,2023-08-14 00:02:27,ca,asylum,9:10,A
/game/8892179,2023-08-14 23:44:34,ca,overek,10:5,A
/game/8892128,2023-08-14 23:27:45,ca,quarantine,10:7,A
/game/8892086,2023-08-14 23:10:20,ca,trinity,8:10,A
/game/8892043,2023-08-14 22:49:34,ca,almostlost,10:8,A
/game/8892011,2023-08-14 22:31:49,ca,campgrounds,10:1,A
/game/8891984,2023-08-14 22:19:18,ca,asylum,10:6,A
/game/8889851,2023-08-12 23:53:54,ca,campgrounds,10:5,A
/game/8889819,2023-08-12 23:39:16,ca,overek,9:10,A
/game/8889786,2023-08-12 23:20:17,ca,almostlost,10:8,A
/game/8889753,2023-08-12 23:02:45,ca,quarantine,4:10,A
/game/8889728,2023-08-12 22:48:01,ca,trinity,7:10,A
/game/8889690,2023-08-12 22:30:11,ca,campgrounds,10:9,A
/game/8889662,2023-08-12 22:10:55,ca,deadandgone,10:4,B
/game/8889624,2023-08-12 21:46:57,ffa,railyard,50:29,B
/game/8887674,2023-08-11 23:49:15,ca,hearth,10:4,A
/game/8887645,2023-08-11 23:38:53,ca,asylum,10:9,B
/game/8887609,2023-08-11 23:23:36,ca,campgrounds,7:10,A
/game/8887566,2023-08-11 23:05:32,ca,ts_ca1,4:10,A
/game/8887534,2023-08-11 22:51:03,ca,overek,0:10,A
/game/8887514,2023-08-11 22:40:13,ca,servitude,10:8,A
/game/8887472,2023-08-11 22:19:50,ca,almostlost,1:10,A
/game/8887448,2023-08-11 22:08:13,ca,trinity,1:10,A
/game/8887427,2023-08-11 21:56:13,ca,quarantine,7:10,A
/game/8887403,2023-08-11 21:39:44,ca,campgrounds,10:6,A
/game/8887371,2023-08-11 21:22:59,ca,deadandgone,8:10,B
/game/8887019,2023-08-11 16:23:49,duel,bloodrun,3:1,A
/game/8885999,2023-08-11 01:55:39,ca,campgrounds,7:10,
/game/8885662,2023-08-10 23:31:32,ca,hearth,7:10,A
/game/8885634,2023-08-10 23:21:00,ca,deadandgone,10:9,A
/game/8885599,2023-08-10 23:04:35,ca,campgrounds,9:10,A
/game/8885558,2023-08-10 22:45:22,ca,asylum,10:8,A
/game/8885534,2023-08-10 22:32:14,ca,overek,9:10,A
/game/8885502,2023-08-10 22:13:03,ca,campgrounds,10:3,A
/game/8885471,2023-08-10 21:56:38,ca,quarantine,10:6,A
/game/8885432,2023-08-10 21:36:58,ca,trinity,10:7,A
/game/8885397,2023-08-10 21:16:58,ca,almostlost,10:5,A
/game/8885377,2023-08-10 21:03:50,ca,asylum,10:5,A
/game/8885357,2023-08-10 20:52:02,ca,deadandgone,5:10,A
/game/8885342,2023-08-10 20:40:54,ffa,longestyard,30:20,
/game/8885325,2023-08-10 20:31:37,ca,thunderstruck,6:10,
/game/8883628,2023-08-09 23:02:14,ca,trinity,8:10,A
/game/8883585,2023-08-09 22:42:02,ca,almostlost,10:6,A
/game/8883557,2023-08-09 22:26:16,ca,campgrounds,3:10,A
/game/8883531,2023-08-09 22:09:54,ca,threestory,6:10,A
/game/8883510,2023-08-09 21:54:32,ca,deadandgone,10:2,A
/game/8881975,2023-08-09 01:11:01,ca,deadandgone,9:10,
/game/8879782,2023-08-07 23:49:02,ca,asylum,4:10,A
/game/8879763,2023-08-07 23:38:07,ca,overek,10:7,A
/game/8879733,2023-08-07 23:21:48,ca,campgrounds,10:8,A
/game/8879681,2023-08-07 23:01:10,ca,quarantine,10:5,A
/game/8879636,2023-08-07 22:41:53,ca,trinity,9:10,A
/game/8879593,2023-08-07 22:18:55,ca,almostlost,8:10,A
/game/8879563,2023-08-07 22:01:09,ca,campgrounds,5:10,A
/game/8879523,2023-08-07 21:43:13,ca,smash,10:6,A
/game/8879500,2023-08-07 21:30:04,ca,ra3map17c,9:10,B
/game/8879466,2023-08-07 21:12:16,ca,hearth,2:10,A
/game/8879449,2023-08-07 21:03:10,ca,asylum,10:4,A
/game/8879429,2023-08-07 20:51:36,ca,deadandgone,10:5,A
/game/8877926,2023-08-07 00:22:34,ca,deadandgone,9:10,B
/game/8877906,2023-08-07 00:11:39,ca,hiddenfortress,7:10,A
/game/8877866,2023-08-06 23:55:32,ca,overek,1:10,A
/game/8877836,2023-08-06 23:44:21,ca,ts_ca1,10:9,A
/game/8877791,2023-08-06 23:23:26,ca,trinity,10:5,A
/game/8877763,2023-08-06 23:08:38,ca,almostlost,10:8,A
/game/8877735,2023-08-06 22:52:43,ca,quarantine,5:10,A
/game/8877707,2023-08-06 22:36:17,ca,campgrounds,4:10,A
/game/8877684,2023-08-06 22:19:38,ca,okremix,10:7,A
/game/8877647,2023-08-06 22:01:01,ca,corrosion,10:8,A
/game/8877604,2023-08-06 21:34:14,ca,servitude,10:4,A
/game/8877576,2023-08-06 21:13:54,ca,trinity,10:7,A
/game/8877547,2023-08-06 20:51:05,ca,asylum,10:4,A
/game/8877526,2023-08-06 20:38:06,ca,deadandgone,5:10,A
/game/8877315,2023-08-06 18:13:37,ca,almostlost,8:10,
/game/8877302,2023-08-06 18:04:15,ca,campgrounds,10:3,A
/game/8877287,2023-08-06 17:55:00,ca,trinity,10:7,A
/game/8877268,2023-08-06 17:40:21,ca,hearth,9:10,A
/game/8877253,2023-08-06 17:29:05,ca,asylum,10:6,A
/game/8877234,2023-08-06 17:18:00,ca,deadandgone,10:8,B
/game/8875935,2023-08-06 00:47:24,ca,asylum,10:7,B
/game/8875902,2023-08-06 00:35:41,ca,ra3map17c,10:6,B
/game/8875877,2023-08-06 00:25:28,ca,deadandgone,10:4,B
/game/8875853,2023-08-06 00:15:25,ca,hearth,7:10,B
/game/8875829,2023-08-06 00:01:34,ffa,railyard,50:42,B
/game/8875809,2023-08-05 23:52:36,ca,asylum,10:5,B
/game/8875786,2023-08-05 23:41:56,ca,ra3map19b,10:9,A
/game/8875758,2023-08-05 23:26:39,ca,hiddenfortress,6:10,A
/game/8875726,2023-08-05 23:07:22,ca,almostlost,3:10,A
/game/8875704,2023-08-05 22:53:59,ca,servitude,4:10,A
/game/8875685,2023-08-05 22:38:28,ca,campgrounds,6:10,A
/game/8875659,2023-08-05 22:19:45,ca,quarantine,10:0,A
/game/8875644,2023-08-05 22:06:22,ca,trinity,9:10,A
/game/8875601,2023-08-05 21:42:51,ffa,railyard,50:33,B
/game/8875580,2023-08-05 21:29:55,ca,deadandgone,8:10,B
/game/8875522,2023-08-05 20:53:56,ca,thunderstruck,10:8,
/game/8873690,2023-08-05 00:27:44,ca,asylum,7:10,B
/game/8873654,2023-08-05 00:13:43,ca,almostlost,10:6,A
/game/8873622,2023-08-04 23:58:33,ca,theatreofpain,10:4,A
/game/8873584,2023-08-04 23:40:06,ca,okremix,5:10,A
/game/8873555,2023-08-04 23:25:32,ca,servitude,4:10,A
/game/8873517,2023-08-04 23:08:20,ca,quarantine,7:10,A
/game/8873473,2023-08-04 22:46:03,ca,corrosion,10:4,A
/game/8873439,2023-08-04 22:27:06,ca,campgrounds,6:10,A
/game/8873417,2023-08-04 22:10:30,ca,trinity,10:6,A
/game/8873391,2023-08-04 21:50:48,ca,ra3map19b,10:8,A
/game/8873363,2023-08-04 21:35:12,ffa,railyard,50:47,B
/game/8871694,2023-08-04 00:28:28,ca,ra3map19b,10:3,A
/game/8871654,2023-08-04 00:16:13,ca,almostlost,10:6,A
/game/8871615,2023-08-03 23:58:54,ca,ts_ca1,4:10,A
/game/8871580,2023-08-03 23:42:24,ca,trinity,10:8,A
/game/8871535,2023-08-03 23:19:38,ca,servitude,10:7,A
/game/8871492,2023-08-03 22:58:37,ca,okremix,6:10,A
/game/8871460,2023-08-03 22:40:43,ca,corrosion,5:10,A
/game/8871431,2023-08-03 22:23:04,ca,quarantine,2:10,A
/game/8871400,2023-08-03 22:09:16,ca,campgrounds,8:10,A
/game/8871369,2023-08-03 21:49:28,ca,asylum,6:10,B
/game/8871336,2023-08-03 21:33:56,ca,deadandgone,10:1,B
/game/8871283,2023-08-03 21:03:08,ca,thunderstruck,3:10,
/game/8871245,2023-08-03 20:38:07,duel,bloodrun,7:-999,A
/game/8869657,2023-08-02 23:27:35,ca,ra3map19b,10:2,A
/game/8869635,2023-08-02 23:16:30,ca,hiddenfortress,10:5,A
/game/8869605,2023-08-02 23:02:49,ca,almostlost,10:5,A
/game/8869576,2023-08-02 22:49:07,ca,overek,10:3,A
/game/8869546,2023-08-02 22:33:28,ca,servitude,10:7,A
/game/8869509,2023-08-02 22:15:27,ca,campgrounds,10:6,A
/game/8869476,2023-08-02 21:58:59,ca,trinity,10:2,A
/game/8869456,2023-08-02 21:47:45,ca,almostlost,4:10,A
/game/8869435,2023-08-02 21:35:01,ca,quarantine,10:7,A
/game/8869403,2023-08-02 21:14:42,ca,campgrounds,10:6,A
/game/8869367,2023-08-02 20:55:43,ca,hearth,10:7,A
/game/8869345,2023-08-02 20:35:40,ca,deadandgone,10:2,A
/game/8867919,2023-08-02 00:31:35,ca,ra3map19b,9:10,A
/game/8867882,2023-08-02 00:15:02,ca,asylum,10:8,A
/game/8867849,2023-08-01 23:59:07,ca,campgrounds,7:10,A
/game/8867817,2023-08-01 23:41:25,ca,quarantine,5:10,A
/game/8867791,2023-08-01 23:25:55,ca,trinity,8:10,A
/game/8867761,2023-08-01 23:05:57,ca,almostlost,7:10,A
/game/8867731,2023-08-01 22:48:17,ca,quarantine,10:6,A
/game/8867692,2023-08-01 22:28:03,ca,asylum,5:10,A
/game/8867661,2023-08-01 22:11:22,ca,campgrounds,6:10,A
/game/8867627,2023-08-01 21:52:09,ca,deadandgone,10:5,A
/game/8867604,2023-08-01 21:38:22,ca,hearth,6:10,A
/game/8867500,2023-08-01 20:44:59,ca,thunderstruck,10:6,
/game/8865816,2023-07-31 22:46:33,ca,almostlost,10:7,A
/game/8865790,2023-07-31 22:33:17,ca,campgrounds,10:5,A
/game/8865761,2023-07-31 22:19:15,ca,drunkenmummy,6:10,A
/game/8865746,2023-07-31 22:09:35,ca,deadandgone,7:10,A
/game/8865710,2023-07-31 21:48:50,ca,hearth,3:10,A
/game/8865680,2023-07-31 21:31:38,ca,asylum,5:10,A
/game/8865655,2023-07-31 21:15:19,ca,drunkenmummy,6:10,A
/game/8865642,2023-07-31 21:05:41,ca,thunderstruck,10:5,A
/game/8864130,2023-07-30 23:46:22,ca,asylum,9:10,A
/game/8864104,2023-07-30 23:33:46,ca,trinity,10:1,A
/game/8864075,2023-07-30 23:21:22,ca,almostlost,8:10,A
/game/8864047,2023-07-30 23:05:59,ca,ts_ca1,10:8,A
/game/8864009,2023-07-30 22:45:19,ca,corrosion,7:10,A
/game/8863969,2023-07-30 22:25:56,ca,servitude,10:6,A
/game/8863928,2023-07-30 22:03:52,ca,okremix,10:2,A
/game/8863900,2023-07-30 21:50:54,ca,quarantine,9:10,A
/game/8863857,2023-07-30 21:28:13,ca,campgrounds,10:8,A
/game/8863825,2023-07-30 21:09:25,ca,trinity,10:4,A
/game/8863807,2023-07-30 20:56:12,ca,asylum,8:10,A
/game/8863522,2023-07-30 17:21:15,duel,maido,18:16,
/game/8863513,2023-07-30 17:14:08,ca,deadandgone,10:6,A
/game/8863492,2023-07-30 16:58:42,ffa,longestyard,30:17,
/game/8863478,2023-07-30 16:50:45,ca,thunderstruck,4:10,
/game/8862297,2023-07-30 01:31:27,ca,hiddenfortress,7:10,A
/game/8862261,2023-07-30 01:15:19,ca,overek,10:7,A
/game/8862229,2023-07-30 01:02:32,ca,asylum,7:10,A
/game/8862200,2023-07-30 00:50:00,ca,trinity,8:10,A
/game/8862157,2023-07-30 00:30:32,ca,almostlost,10:9,A
/game/8862120,2023-07-30 00:13:00,ca,campgrounds,10:3,A
/game/8862086,2023-07-29 23:58:44,ca,ts_ca1,10:7,A
/game/8862047,2023-07-29 23:40:01,ca,corrosion,8:10,A
/game/8862007,2023-07-29 23:18:42,ca,okremix,9:10,A
/game/8861976,2023-07-29 23:00:16,ca,servitude,9:10,A
/game/8861938,2023-07-29 22:41:05,ca,quarantine,4:10,A
/game/8861905,2023-07-29 22:23:52,ca,ra3map19b,8:10,A
/game/8861884,2023-07-29 22:09:26,ca,almostlost,10:7,A
/game/8861856,2023-07-29 21:52:35,ca,campgrounds,5:10,A
/game/8861835,2023-07-29 21:39:13,ca,trinity,10:4,A
/game/8861817,2023-07-29 21:26:08,ca,asylum,5:10,A
/game/8860108,2023-07-28 23:44:42,ca,trinity,10:7,A
/game/8860074,2023-07-28 23:27:15,ca,seamsandbolts,7:10,A
/game/8860043,2023-07-28 23:10:53,ca,ra3map19b,10:3,A
/game/8860020,2023-07-28 22:58:44,ca,asylum,4:10,A
/game/8859995,2023-07-28 22:46:37,ca,overek,6:10,A
/game/8859963,2023-07-28 22:30:43,ca,trinity,7:10,A
/game/8859926,2023-07-28 22:07:51,ca,quarantine,10:7,A
/game/8859900,2023-07-28 21:49:41,ca,almostlost,5:10,A
/game/8859871,2023-07-28 21:34:42,ca,campgrounds,8:10,A
/game/8859843,2023-07-28 21:16:19,ca,ra3map17c,10:7,B
/game/8859817,2023-07-28 21:03:44,ca,deadandgone,10:4,A
/game/8859797,2023-07-28 20:52:54,duel,bloodrun,4:3,A
/game/8858094,2023-07-27 22:17:20,ca,deadandgone,10:2,A
/game/8858076,2023-07-27 22:05:05,ca,quarantine,5:10,A
/game/8858050,2023-07-27 21:46:15,ca,trinity,3:10,A
/game/8858030,2023-07-27 21:32:15,ca,almostlost,10:7,A
/game/8858011,2023-07-27 21:17:37,ca,asylum,7:10,A
/game/8857994,2023-07-27 21:01:39,ca,overek,9:10,A
/game/8857974,2023-07-27 20:44:15,ca,asylum,10:8,A
/game/8856240,2023-07-26 21:21:54,ca,almostlost,10:4,A
/game/8856218,2023-07-26 21:06:22,ca,campgrounds,9:10,A
/game/8856189,2023-07-26 20:44:15,ca,asylum,7:10,A
/game/8856169,2023-07-26 20:30:32,ca,hearth,9:10,A
/game/8856152,2023-07-26 20:18:38,ca,deadandgone,10:4,A
/game/8856139,2023-07-26 20:04:21,ca,thunderstruck,10:6,
/game/8851186,2023-07-24 00:49:22,ca,overek,10:7,A
/game/8851145,2023-07-24 00:33:00,ca,quarantine,10:7,A
/game/8851098,2023-07-24 00:14:51,ca,almostlost,10:7,A
/game/8851067,2023-07-23 23:57:26,ca,ts_ca1,3:10,A
/game/8851031,2023-07-23 23:40:50,ca,corrosion,7:10,A
/game/8850992,2023-07-23 23:22:02,ca,servitude,10:9,A
/game/8850945,2023-07-23 23:03:39,ca,okremix,10:7,A
/game/8850907,2023-07-23 22:44:45,ca,campgrounds,6:10,A
/game/8850877,2023-07-23 22:28:58,ca,quarantine,10:9,A
/game/8850838,2023-07-23 22:10:08,ca,trinity,8:10,A
/game/8850806,2023-07-23 21:53:17,ca,deadandgone,10:4,B
/game/8848967,2023-07-23 00:18:08,ca,deadandgone,6:10,A
/game/8848945,2023-07-23 00:05:47,ca,ra3map19b,8:10,A
/game/8848919,2023-07-22 23:52:41,ca,asylum,10:9,A
/game/8848888,2023-07-22 23:37:40,ca,campgrounds,7:10,A
/game/8848860,2023-07-22 23:21:23,ca,trinity,7:10,A
/game/8848827,2023-07-22 23:04:26,ca,servitude,10:9,A
/game/8848790,2023-07-22 22:44:11,ca,corrosion,3:10,A
/game/8848761,2023-07-22 22:29:03,ca,okremix,10:8,A
/game/8848735,2023-07-22 22:11:36,ca,almostlost,6:10,A
/game/8848711,2023-07-22 21:56:37,ca,quarantine,10:5,A
/game/8848681,2023-07-22 21:41:47,ca,campgrounds,10:7,A
/game/8848647,2023-07-22 21:23:16,ca,deadandgone,10:8,B
/game/8848631,2023-07-22 21:11:43,ffa,asylum,50:41,B
/game/8847070,2023-07-22 01:15:29,ca,seamsandbolts,7:10,A
/game/8847039,2023-07-22 01:02:16,ca,asylum,10:7,A
/game/8847004,2023-07-22 00:46:40,ca,hiddenfortress,4:10,A
/game/8846965,2023-07-22 00:28:26,ca,ra3map19b,10:7,A
/game/8846933,2023-07-22 00:15:14,ca,almostlost,9:10,A
/game/8846899,2023-07-21 23:59:11,ca,overek,8:10,A
/game/8846862,2023-07-21 23:39:37,ca,servitude,9:10,A
/game/8846833,2023-07-21 23:17:13,ca,campgrounds,10:8,A
/game/8846809,2023-07-21 22:59:57,ca,trinity,7:10,A
/game/8846779,2023-07-21 22:43:16,ca,almostlost,9:10,A
/game/8846751,2023-07-21 22:27:24,ca,quarantine,10:3,A
/game/8846719,2023-07-21 22:10:57,ca,asylum,10:9,A
/game/8846686,2023-07-21 21:48:42,ca,deadandgone,0:10,B
/game/8846679,2023-07-21 21:41:34,ffa,railyard,50:29,B
/game/8845486,2023-07-21 01:07:30,duel,lostworld,14:13,A
/game/8845435,2023-07-21 00:51:23,duel,bloodrun,11:8,A
/game/8841540,2023-07-18 20:44:47,duel,bloodrun,16:1,A
/game/8841519,2023-07-18 20:32:30,duel,campgrounds,8:3,A
/game/8841500,2023-07-18 20:20:30,ca,thunderstruck,2:10,
/game/8836446,2023-07-16 00:32:08,ca,thunderstruck,10:2,
/game/8836422,2023-07-16 00:22:56,ca,deadandgone,8:10,A
/game/8836389,2023-07-16 00:09:06,ca,quarantine,7:10,A
/game/8836354,2023-07-15 23:52:58,ca,overek,10:6,A
/game/8836295,2023-07-15 23:29:18,ca,servitude,10:7,A
/game/8836251,2023-07-15 23:04:12,ca,almostlost,8:10,A
/game/8836225,2023-07-15 22:45:52,ca,trinity,10:5,A
/game/8836198,2023-07-15 22:27:24,ca,asylum,9:10,A
/game/8836163,2023-07-15 22:06:41,ca,hearth,10:9,A
/game/8836139,2023-07-15 21:49:22,ca,deadandgone,7:10,A
/game/8834592,2023-07-15 00:31:09,ca,almostlost,10:9,A
/game/8834558,2023-07-15 00:16:22,ca,asylum,4:10,B
/game/8834532,2023-07-15 00:03:36,ca,ra3map19b,6:10,A
/game/8834500,2023-07-14 23:49:27,ca,servitude,10:6,A
/game/8834463,2023-07-14 23:29:38,ca,corrosion,10:9,A
/game/8834427,2023-07-14 23:07:24,ca,okremix,8:10,A
/game/8834395,2023-07-14 22:48:58,ca,quarantine,9:10,A
/game/8834354,2023-07-14 22:27:17,ca,trinity,10:7,A
/game/8834315,2023-07-14 22:06:26,ca,campgrounds,10:4,A
/game/8834274,2023-07-14 21:45:56,ca,deadandgone,10:9,A
/game/8834231,2023-07-14 21:24:31,ca,asylum,5:10,A
/game/8832852,2023-07-14 00:17:07,ca,ra3map19b,7:10,A
/game/8832820,2023-07-14 00:03:03,ca,hiddenfortress,10:6,A
/game/8832794,2023-07-13 23:49:20,ca,asylum,10:6,A
/game/8832768,2023-07-13 23:35:42,ca,almostlost,10:5,A
/game/8832743,2023-07-13 23:21:51,ca,overek,10:8,A
/game/8832706,2023-07-13 23:03:55,ca,campgrounds,7:10,A
/game/8832674,2023-07-13 22:44:46,ca,quarantine,9:10,A
/game/8832641,2023-07-13 22:27:20,ca,servitude,7:10,A
/game/8832608,2023-07-13 22:05:22,ca,almostlost,10:4,A
/game/8832579,2023-07-13 21:49:36,ca,trinity,9:10,A
/game/8832541,2023-07-13 21:26:13,ca,campgrounds,10:6,A
/game/8832511,2023-07-13 21:07:16,ca,asylum,10:6,A
/game/8831157,2023-07-13 00:38:33,ca,almostlost,10:3,A
/game/8831126,2023-07-13 00:26:18,ca,overek,10:5,A
/game/8831091,2023-07-13 00:09:46,ca,6plus,6:10,A
/game/8831045,2023-07-12 23:47:37,ca,okremix,5:10,A
/game/8831014,2023-07-12 23:29:01,ca,corrosion,10:5,A
/game/8830985,2023-07-12 23:09:04,ca,servitude,10:5,A
/game/8830951,2023-07-12 22:51:23,ca,quarantine,10:5,A
/game/8830923,2023-07-12 22:36:44,ca,trinity,10:8,A
/game/8830887,2023-07-12 22:14:59,ca,campgrounds,5:10,A
/game/8830860,2023-07-12 21:59:48,ca,ra3map13b,6:10,
/game/8829386,2023-07-12 00:08:18,ca,trinity,5:10,A
/game/8829354,2023-07-11 23:52:58,ca,overek,10:9,A
/game/8829326,2023-07-11 23:35:01,ca,quarantine,10:6,A
/game/8829301,2023-07-11 23:15:55,ca,almostlost,6:10,A
/game/8829274,2023-07-11 22:59:01,ca,campgrounds,9:10,A
/game/8829236,2023-07-11 22:36:56,ca,asylum,10:8,A
/game/8829211,2023-07-11 22:21:33,ca,ra3map17c,6:10,B
/game/8829193,2023-07-11 22:09:08,ca,deadandgone,10:4,B
/game/8827670,2023-07-10 23:52:54,ca,threestory,10:2,A
/game/8827641,2023-07-10 23:38:37,ca,trinity,0:10,A
/game/8827621,2023-07-10 23:28:24,ca,overek,10:3,A
/game/8827595,2023-07-10 23:14:34,ca,campgrounds,10:2,A
/game/8827564,2023-07-10 22:59:05,ca,asylum,6:10,A
/game/8827539,2023-07-10 22:44:33,ca,almostlost,10:9,A
/game/8827518,2023-07-10 22:28:11,ca,campgrounds,10:7,A
/game/8827476,2023-07-10 22:06:47,ca,trinity,10:2,A
/game/8827449,2023-07-10 21:48:23,ca,deadandgone,10:6,B
/game/8827428,2023-07-10 21:31:38,ca,seamsandbolts,10:9,B
/game/8827407,2023-07-10 21:14:45,ca,asylum,10:1,B
/game/8826203,2023-07-10 01:39:14,ca,hearth,8:10,A
/game/8826160,2023-07-10 01:24:33,ca,overek,10:9,A
/game/8826115,2023-07-10 01:04:44,ca,almostlost,10:9,A
/game/8826082,2023-07-10 00:48:35,ca,asylum,7:10,A
/game/8826048,2023-07-10 00:33:25,ca,campgrounds,8:10,A
/game/8826011,2023-07-10 00:13:52,ca,trinity,6:10,A
/game/8825969,2023-07-09 23:53:13,ca,quarantine,10:9,A
/game/8825930,2023-07-09 23:33:57,ca,corrosion,4:10,A
/game/8825898,2023-07-09 23:17:43,ca,almostlost,10:9,A
/game/8825867,2023-07-09 23:00:15,ca,overek,10:5,A
/game/8825825,2023-07-09 22:42:12,ca,campgrounds,7:10,A
/game/8825800,2023-07-09 22:26:36,ca,ra3map19b,6:10,A
/game/8825777,2023-07-09 22:12:11,ca,servitude,10:5,A
/game/8825751,2023-07-09 21:56:26,ca,trinity,7:10,A
/game/8825707,2023-07-09 21:38:07,ca,okremix,6:10,A
/game/8825673,2023-07-09 21:19:15,ca,quarantine,10:3,A
/game/8825649,2023-07-09 21:04:10,ca,almostlost,7:10,A
/game/8825615,2023-07-09 20:44:18,ca,asylum,10:8,A
/game/8825588,2023-07-09 20:25:30,ffa,campgrounds,30:28,
/game/8825293,2023-07-09 17:08:45,duel,campgrounds,10:8,A
/game/8823788,2023-07-08 23:35:31,ca,trinity,5:10,A
/game/8823759,2023-07-08 23:19:41,ca,overek,10:4,A
/game/8823736,2023-07-08 23:07:04,ca,campgrounds,10:2,A
/game/8823714,2023-07-08 22:53:33,ca,hiddenfortress,10:2,A
/game/8823692,2023-07-08 22:41:11,ca,asylum,10:7,B
/game/8823670,2023-07-08 22:26:01,ca,almostlost,10:9,A
/game/8823641,2023-07-08 22:08:25,ca,trinity,10:9,A
/game/8823609,2023-07-08 21:49:14,ca,campgrounds,10:0,A
/game/8823595,2023-07-08 21:39:44,ca,ra3map19b,10:8,A
/game/8823567,2023-07-08 21:22:46,ca,overek,10:4,A
/game/8823546,2023-07-08 21:10:13,ca,quarantine,10:2,A
/game/8823524,2023-07-08 20:54:51,ca,trinity,10:4,A
/game/8823508,2023-07-08 20:41:42,ca,campgrounds,7:10,A
/game/8823487,2023-07-08 20:26:13,ca,almostlost,10:8,A
/game/8823467,2023-07-08 20:11:57,ca,asylum,10:7,B
/game/8823453,2023-07-08 19:58:31,ca,hearth,1:10,B
/game/8823440,2023-07-08 19:52:12,ca,deadandgone,6:10,B
/game/8821813,2023-07-08 00:16:10,ca,ra3map17c,1:10,B
/game/8821792,2023-07-08 00:08:16,ca,hearth,8:10,A
/game/8821766,2023-07-07 23:55:27,ca,asylum,10:3,A
/game/8821741,2023-07-07 23:43:31,ca,overek,10:5,A
/game/8821716,2023-07-07 23:28:33,ca,campgrounds,8:10,A
/game/8821682,2023-07-07 23:09:13,ca,servitude,10:9,A
/game/8821638,2023-07-07 22:48:23,ca,trinity,10:8,A
/game/8821595,2023-07-07 22:29:47,ca,quarantine,7:10,A
/game/8821560,2023-07-07 22:11:14,ca,almostlost,9:10,A
/game/8821530,2023-07-07 21:53:55,ca,campgrounds,3:10,A
/game/8821507,2023-07-07 21:39:11,ca,deadandgone,9:10,B
/game/8821482,2023-07-07 21:22:09,ffa,railyard,50:29,B
/game/8819872,2023-07-06 22:33:32,ca,almostlost,9:10,A
/game/8819850,2023-07-06 22:16:45,ca,campgrounds,10:9,A
/game/8819817,2023-07-06 21:54:53,ca,quarantine,6:10,A
/game/8819790,2023-07-06 21:38:13,ca,asylum,10:4,B
/game/8819771,2023-07-06 21:26:31,ca,drunkenmummy,8:10,B
/game/8819754,2023-07-06 21:15:54,ca,hearth,10:2,B
/game/8819740,2023-07-06 21:07:58,ca,deadandgone,10:3,B
/game/8819727,2023-07-06 20:59:31,ca,ra3map13b,4:10,
/game/8818353,2023-07-06 00:48:39,ca,thunderstruck,3:10,
/game/8818339,2023-07-06 00:41:48,ca,thunderstruck,10:5,
/game/8818327,2023-07-06 00:33:50,ca,thunderstruck,6:10,
/game/8818297,2023-07-06 00:22:12,ca,almostlost,7:10,A
/game/8818264,2023-07-06 00:04:56,ca,campgrounds,10:8,A
/game/8818229,2023-07-05 23:44:00,ca,overek,10:6,A
/game/8818206,2023-07-05 23:28:54,ca,asylum,10:7,A
/game/8818170,2023-07-05 23:11:52,ca,deadandgone,9:10,A
/game/8818060,2023-07-05 21:59:58,ca,hearth,7:10,
/game/8818038,2023-07-05 21:45:17,ca,deadandgone,10:5,A
/game/8816559,2023-07-05 00:29:25,ca,deadandgone,10:3,A
/game/8816531,2023-07-05 00:17:22,ca,asylum,10:9,A
/game/8816498,2023-07-05 00:00:46,ca,ra3map19b,4:10,A
/game/8816474,2023-07-04 23:48:45,ca,almostlost,10:8,A
/game/8816453,2023-07-04 23:33:15,ca,quarantine,5:10,A
/game/8816426,2023-07-04 23:19:10,ca,campgrounds,10:8,A
/game/8816376,2023-07-04 22:57:30,ca,trinity,10:6,A
/game/8816341,2023-07-04 22:41:47,ca,corrosion,6:10,A
/game/8816300,2023-07-04 22:23:42,ca,servitude,2:10,A
/game/8816267,2023-07-04 22:08:40,ca,quarantine,10:9,A
/game/8816228,2023-07-04 21:49:14,ca,asylum,10:5,A
/game/8814342,2023-07-03 22:18:17,ca,almostlost,2:10,A
/game/8814321,2023-07-03 22:07:12,ca,campgrounds,7:10,A
/game/8814293,2023-07-03 21:48:49,ca,ra3map17c,10:9,B
/game/8814272,2023-07-03 21:34:11,ca,deadandgone,10:7,B
/game/8814258,2023-07-03 21:23:57,ca,asylum,5:10,B
/game/8812645,2023-07-02 23:37:10,ca,deadandgone,10:6,B
/game/8812606,2023-07-02 23:21:13,ca,almostlost,10:7,A
/game/8812570,2023-07-02 23:06:16,ca,okremix,5:10,A
/game/8812530,2023-07-02 22:50:35,ca,quarantine,10:7,A
/game/8812491,2023-07-02 22:34:30,ca,servitude,8:10,A
/game/8812447,2023-07-02 22:16:10,ca,trinity,5:10,A
/game/8812416,2023-07-02 22:00:10,ca,quarantine,10:5,A
/game/8812385,2023-07-02 21:45:54,ca,campgrounds,6:10,A
/game/8812355,2023-07-02 21:29:58,ca,ra3map19b,10:2,A
/game/8810609,2023-07-01 23:45:23,ca,quarantine,10:5,A
/game/8810585,2023-07-01 23:31:11,ca,okremix,10:9,A
/game/8810547,2023-07-01 23:13:01,ca,servitude,10:7,A
/game/8810512,2023-07-01 22:53:15,ca,campgrounds,10:4,A
/game/8810495,2023-07-01 22:40:49,ca,quarantine,9:10,A
/game/8810468,2023-07-01 22:22:04,ca,trinity,7:10,A
/game/8810446,2023-07-01 22:06:25,ca,almostlost,8:10,A
/game/8810421,2023-07-01 21:49:48,ca,hearth,10:8,A
/game/8810402,2023-07-01 21:38:52,ca,campgrounds,4:10,A
/game/8810383,2023-07-01 21:25:52,ca,asylum,10:2,A
/game/8810358,2023-07-01 21:12:41,ca,deadandgone,5:10,A
/game/8810338,2023-07-01 20:59:40,ca,hellra3map1a,10:4,A
/game/8810033,2023-07-01 16:36:45,ca,thunderstruck,5:10,
/game/8809888,2023-07-01 14:10:14,ca,thunderstruck,10:7,
/game/8808723,2023-06-30 23:51:11,ca,asylum,6:10,B
/game/8808703,2023-06-30 23:36:23,ca,overek,9:10,A
/game/8808670,2023-06-30 23:17:52,ca,trinity,10:7,A
/game/8808642,2023-06-30 23:01:42,ca,almostlost,10:6,A
/game/8808620,2023-06-30 22:47:30,ca,campgrounds,10:2,A
/game/8808601,2023-06-30 22:33:54,ca,quarantine,10:7,A
/game/8808564,2023-06-30 22:13:16,ca,ra3map19b,10:7,A
/game/8808545,2023-06-30 21:58:23,ca,almostlost,6:10,A
/game/8808522,2023-06-30 21:40:07,ca,campgrounds,9:10,A
/game/8808499,2023-06-30 21:20:33,ca,ra3map17c,10:9,B
/game/8808468,2023-06-30 20:53:41,ca,asylum,9:10,A
/game/8808444,2023-06-30 20:38:33,ca,deadandgone,10:4,B
/game/8808423,2023-06-30 20:24:00,ca,thunderstruck,10:6,
/game/8807123,2023-06-30 00:03:45,ca,deadandgone,5:10,B
/game/8807096,2023-06-29 23:52:01,ca,asylum,5:10,A
/game/8807073,2023-06-29 23:38:38,ca,overek,10:9,A
/game/8807032,2023-06-29 23:18:43,ca,campgrounds,10:7,A
/game/8806997,2023-06-29 22:59:42,ca,quarantine,10:1,A
/game/8806971,2023-06-29 22:44:58,ca,trinity,7:10,A
/game/8806952,2023-06-29 22:28:44,ca,almostlost,10:6,A
/game/8806933,2023-06-29 22:14:29,ca,deadandgone,3:10,B
/game/8805774,2023-06-29 01:55:22,duel,campgrounds,18:3,A
/game/8805738,2023-06-29 01:39:31,duel,campgrounds,22:7,A
/game/8805707,2023-06-29 01:25:34,duel,campgrounds,17:14,A
/game/8805667,2023-06-29 01:11:29,duel,campgrounds,20:9,A
/game/8805448,2023-06-28 23:22:03,ca,ra3map17c,2:10,B
/game/8805433,2023-06-28 23:11:06,ca,asylum,10:7,B
/game/8805415,2023-06-28 22:55:17,ca,overek,8:10,A
/game/8805393,2023-06-28 22:38:29,ca,almostlost,6:10,A
/game/8805369,2023-06-28 22:24:10,ca,servitude,10:9,A
/game/8805343,2023-06-28 22:03:34,ca,trinity,2:10,A
/game/8805325,2023-06-28 21:49:29,ca,campgrounds,10:4,A
/game/8805302,2023-06-28 21:33:54,ca,quarantine,9:10,A
/game/8805273,2023-06-28 21:14:41,ca,asylum,10:6,A
/game/8805239,2023-06-28 20:53:43,ca,deadandgone,4:10,A
/game/8803855,2023-06-28 00:02:27,ca,hiddenfortress,5:10,A
/game/8803823,2023-06-27 23:46:23,ca,ra3map19b,5:10,A
/game/8803785,2023-06-27 23:29:31,ca,servitude,10:5,A
/game/8803740,2023-06-27 23:09:00,ca,campgrounds,10:8,A
/game/8803703,2023-06-27 22:49:22,ca,trinity,10:8,A
/game/8803658,2023-06-27 22:27:37,ca,almostlost,10:4,A
/game/8803635,2023-06-27 22:16:08,ca,quarantine,10:7,A
/game/8803608,2023-06-27 21:58:35,ca,overek,10:7,A
/game/8803586,2023-06-27 21:43:14,ca,campgrounds,10:1,A
/game/8803567,2023-06-27 21:29:19,ca,deadandgone,10:4,B
/game/8802108,2023-06-26 23:58:06,duel,campgrounds,9:8,A
/game/8802086,2023-06-26 23:46:25,duel,lostworld,9:7,A
/game/8802059,2023-06-26 23:35:09,duel,bloodrun,11:9,A
/game/8801981,2023-06-26 22:56:42,ca,deadandgone,10:3,
/game/8801962,2023-06-26 22:46:04,ca,trinity,10:7,A
/game/8801932,2023-06-26 22:27:24,ca,quarantine,10:0,A
/game/8801915,2023-06-26 22:16:30,ca,overek,5:10,A
/game/8801894,2023-06-26 22:01:17,ca,campgrounds,5:10,A
/game/8801870,2023-06-26 21:45:12,ca,almostlost,7:10,A
/game/8801851,2023-06-26 21:27:22,ca,asylum,8:10,A
/game/8801805,2023-06-26 20:46:00,ca,thunderstruck,10:4,
/game/8800396,2023-06-25 23:19:55,ca,deadandgone,9:10,
/game/8800371,2023-06-25 23:04:54,ca,asylum,10:5,A
/game/8800343,2023-06-25 22:44:17,ca,asylum,10:3,A
/game/8800313,2023-06-25 22:27:08,ca,quarantine,10:8,A
/game/8800279,2023-06-25 22:08:05,ca,corrosion,10:3,A
/game/8800248,2023-06-25 21:52:12,ca,servitude,10:6,A
/game/8800214,2023-06-25 21:34:52,ca,trinity,10:5,A
/game/8800187,2023-06-25 21:19:36,ca,campgrounds,10:2,A
/game/8800168,2023-06-25 21:09:09,ca,overek,4:10,A
/game/8800146,2023-06-25 20:56:23,ca,asylum,6:10,A
/game/8799653,2023-06-25 14:29:42,duel,bloodrun,15:13,A
/game/8798498,2023-06-24 23:46:56,ca,overek,7:10,A
/game/8798474,2023-06-24 23:31:58,ca,almostlost,9:10,A
/game/8798436,2023-06-24 23:11:32,ca,servitude,10:6,A
/game/8798407,2023-06-24 22:55:22,ca,campgrounds,10:9,A
/game/8798377,2023-06-24 22:34:09,ca,trinity,10:7,A
/game/8798338,2023-06-24 22:13:09,ca,overek,4:10,A
/game/8798322,2023-06-24 22:00:33,ca,quarantine,9:10,A
/game/8798292,2023-06-24 21:40:51,ca,drunkenmummy,10:8,A
/game/8798269,2023-06-24 21:25:38,ca,deadandgone,6:10,B
/game/8797829,2023-06-24 15:20:11,duel,aerowalk,19:1,A
/game/8796608,2023-06-24 00:20:52,ca,asylum,2:10,A
/game/8796583,2023-06-24 00:09:23,ca,overek,1:10,A
/game/8796553,2023-06-23 23:55:15,ca,hiddenfortress,10:6,A
/game/8796501,2023-06-23 23:33:45,ca,trinity,10:1,A
/game/8796475,2023-06-23 23:18:18,ca,almostlost,8:10,A
/game/8796438,2023-06-23 23:01:06,ca,quarantine,9:10,A
/game/8796400,2023-06-23 22:37:57,ca,overek,3:10,A
/game/8796374,2023-06-23 22:26:00,ca,campgrounds,10:9,A
/game/8796340,2023-06-23 22:06:44,ca,asylum,9:10,B
/game/8796096,2023-06-23 18:41:33,ffa,aerowalk,50:36,A
/game/8796075,2023-06-23 18:25:47,ffa,aerowalk,35:26,
/game/8794665,2023-06-22 23:29:04,ca,quarantine,7:10,A
/game/8794622,2023-06-22 23:09:37,ca,almostlost,9:10,A
/game/8794577,2023-06-22 22:51:01,ca,trinity,2:10,A
/game/8794557,2023-06-22 22:37:30,ca,overek,3:10,A
/game/8794525,2023-06-22 22:23:10,ca,campgrounds,10:8,A
/game/8794499,2023-06-22 22:04:01,ca,asylum,10:3,A
/game/8794483,2023-06-22 21:51:54,ca,thunderstruck,5:10,A
/game/8793091,2023-06-22 00:22:14,duel,bloodrun,26:24,A
/game/8793039,2023-06-21 23:56:58,duel,lostworld,15:13,A
/game/8793009,2023-06-21 23:43:05,duel,campgrounds,12:11,A
/game/8792900,2023-06-21 22:31:40,ca,overek,9:10,A
/game/8792873,2023-06-21 22:15:00,ca,asylum,10:7,A
/game/8792855,2023-06-21 22:03:37,ca,almostlost,9:10,A
/game/8792826,2023-06-21 21:44:22,ca,campgrounds,10:7,A
/game/8792803,2023-06-21 21:26:38,ca,hearth,10:7,A
/game/8792773,2023-06-21 21:08:35,ca,asylum,6:10,A
/game/8792743,2023-06-21 20:52:15,ca,deadandgone,10:8,B
/game/8792721,2023-06-21 20:38:46,ffa,aerowalk,50:22,A
/game/8792458,2023-06-21 16:08:35,duel,aerowalk,8:7,A
/game/8792446,2023-06-21 15:56:16,duel,lostworld,13:12,A
/game/8791252,2023-06-20 23:37:20,ca,asylum,10:5,A
/game/8791224,2023-06-20 23:22:15,ca,overek,10:5,A
/game/8791195,2023-06-20 23:05:12,ca,quarantine,10:2,A
/game/8791168,2023-06-20 22:49:41,ca,campgrounds,1:10,A
/game/8791146,2023-06-20 22:35:19,ca,almostlost,10:8,A
/game/8791112,2023-06-20 22:17:22,ca,asylum,4:10,B
/game/8791081,2023-06-20 22:00:02,ca,hearth,10:7,A
/game/8791031,2023-06-20 21:29:58,duel,bloodrun,10:1,A
/game/8788982,2023-06-19 17:16:48,duel,campgrounds,6:5,A
/game/8787653,2023-06-18 22:48:29,ca,quarantine,5:10,A
/game/8787615,2023-06-18 22:28:53,ca,campgrounds,10:7,A
/game/8787568,2023-06-18 22:05:09,ca,almostlost,8:10,A
/game/8787522,2023-06-18 21:42:39,ca,thunderstruck,10:9,
/game/8785606,2023-06-17 22:22:24,ca,hearth,5:10,A
/game/8785576,2023-06-17 22:08:12,ca,overkillpp,7:10,A
/game/8785538,2023-06-17 21:52:29,ca,campgrounds,4:10,A
/game/8785515,2023-06-17 21:39:05,ca,asylum,10:7,A
/game/8785493,2023-06-17 21:25:05,ca,trinity,4:10,A
/game/8785467,2023-06-17 21:09:12,ca,almostlost,7:10,A
/game/8785445,2023-06-17 20:53:55,ca,hearth,10:8,A
/game/8783815,2023-06-16 23:38:19,ca,hearth,10:3,
/game/8783791,2023-06-16 23:27:46,ca,asylum,6:10,A
/game/8783763,2023-06-16 23:12:33,ca,overkillpp,10:3,A
/game/8783736,2023-06-16 22:56:08,ca,campgrounds,8:10,A
/game/8783702,2023-06-16 22:36:57,ca,servitude,10:5,A
/game/8783675,2023-06-16 22:18:21,ca,trinity,10:4,A
/game/8783648,2023-06-16 22:00:43,ca,asylum,10:9,A
/game/8783511,2023-06-16 20:11:55,ffa,longestyard,28:12,
/game/8781569,2023-06-15 14:32:45,duel,campgrounds,7:1,A
/game/8780498,2023-06-14 23:40:38,ca,asylum,5:10,A
/game/8780471,2023-06-14 23:26:26,ca,overek,3:10,A
/game/8780441,2023-06-14 23:11:30,ca,servitude,7:10,A
/game/8780401,2023-06-14 22:48:12,ca,almostlost,3:10,A
/game/8780379,2023-06-14 22:34:45,ca,quarantine,8:10,A
/game/8780350,2023-06-14 22:14:59,ca,campgrounds,10:8,A
/game/8780317,2023-06-14 21:52:54,ca,deadandgone,10:6,B
/game/8780297,2023-06-14 21:36:18,ca,hellsgate,5:10,
/game/8780286,2023-06-14 21:27:38,ca,ra3map13b,10:5,
/game/8780020,2023-06-14 16:13:33,duel,lostworld,7:6,A
/game/8778924,2023-06-13 23:35:05,ca,almostlost,6:10,A
/game/8778897,2023-06-13 23:19:30,ca,trinity,5:10,A
/game/8778857,2023-06-13 23:00:01,ca,servitude,5:10,A
/game/8778829,2023-06-13 22:43:49,ca,campgrounds,4:10,A
/game/8778809,2023-06-13 22:28:52,ca,quarantine,10:7,A
/game/8778786,2023-06-13 22:10:44,ca,overek,10:7,A
/game/8778767,2023-06-13 21:58:17,ca,ra3map17c,1:10,B
/game/8778755,2023-06-13 21:50:25,ca,asylum,2:10,B
/game/8778737,2023-06-13 21:39:19,ffa,railyard,50:49,B
/game/8778719,2023-06-13 21:26:47,ca,evolution,10:5,
/game/8778702,2023-06-13 21:15:59,ca,thunderstruck,10:4,
/game/8778687,2023-06-13 21:08:23,ca,ra3map13b,3:10,
/game/8778667,2023-06-13 20:58:38,ca,deadandgone,10:4,
/game/8777128,2023-06-12 22:43:24,ca,overek,2:10,A
/game/8777109,2023-06-12 22:33:03,ca,campgrounds,10:8,A
/game/8777075,2023-06-12 22:14:09,ca,almostlost,10:6,A
/game/8777051,2023-06-12 21:59:59,ca,asylum,10:6,B
/game/8777032,2023-06-12 21:46:50,ca,deadandgone,2:10,B
/game/8777013,2023-06-12 21:34:17,ca,thunderstruck,10:8,
/game/8776927,2023-06-12 20:26:01,ca,deadandgone,10:8,
/game/8776915,2023-06-12 20:14:02,ca,ra3map13b,7:10,
/game/8776854,2023-06-12 19:17:32,ca,thunderstruck,7:10,
/game/8775573,2023-06-12 00:23:53,ca,asylum,9:10,A
/game/8775537,2023-06-12 00:06:57,ca,seamsandbolts,5:10,A
/game/8775503,2023-06-11 23:52:31,ca,almostlost,9:10,A
/game/8775468,2023-06-11 23:36:45,ca,campgrounds,10:9,A
/game/8775429,2023-06-11 23:18:37,ca,hiddenfortress,10:5,A
/game/8775401,2023-06-11 23:04:37,ca,okremix,10:9,A
/game/8775362,2023-06-11 22:45:12,ca,quarantine,10:7,A
/game/8775331,2023-06-11 22:27:50,ca,corrosion,9:10,A
/game/8775279,2023-06-11 22:06:30,ca,trinity,9:10,A
/game/8775238,2023-06-11 21:47:20,ca,almostlost,10:1,A
/game/8775216,2023-06-11 21:36:25,ca,overek,5:10,A
/game/8775195,2023-06-11 21:23:51,ca,campgrounds,6:10,A
/game/8775168,2023-06-11 21:08:05,ca,servitude,6:10,A
/game/8775136,2023-06-11 20:51:18,ca,trinity,4:10,A
/game/8775111,2023-06-11 20:38:57,ca,quarantine,3:10,A
/game/8775088,2023-06-11 20:25:15,ca,asylum,6:10,B
/game/8775054,2023-06-11 20:06:02,duel,campgrounds,12:4,A
/game/8775035,2023-06-11 19:52:33,duel,campgrounds,33:2,A
/game/8773707,2023-06-11 02:00:54,ca,bloodcovenant,10:4,A
/game/8773652,2023-06-11 01:36:32,ca,eyetoeye,10:7,
/game/8773635,2023-06-11 01:28:28,ffa,railyard,50:49,B
/game/8773540,2023-06-11 00:45:35,ca,asylum,10:5,A
/game/8773506,2023-06-11 00:30:39,ca,overek,10:7,A
/game/8773464,2023-06-11 00:14:32,ca,campgrounds,10:9,A
/game/8773419,2023-06-10 23:53:18,ca,okremix,5:10,A
/game/8773389,2023-06-10 23:35:38,ca,corrosion,10:7,A
/game/8773359,2023-06-10 23:15:23,ca,servitude,10:8,A
/game/8773321,2023-06-10 22:58:03,ca,quarantine,9:10,A
/game/8773283,2023-06-10 22:39:27,ca,campgrounds,10:7,A
/game/8773251,2023-06-10 22:25:28,ca,overek,10:6,A
/game/8773226,2023-06-10 22:14:17,ca,hiddenfortress,4:10,A
/game/8773204,2023-06-10 22:00:33,ca,almostlost,8:10,A
/game/8773176,2023-06-10 21:39:27,ca,ra3map13b,9:10,
/game/8773152,2023-06-10 21:24:48,ca,trinity,9:10,A
/game/8773127,2023-06-10 21:07:57,ca,overek,6:10,A
/game/8773105,2023-06-10 20:55:46,ca,campgrounds,4:10,A
/game/8773081,2023-06-10 20:38:40,ca,hearth,3:10,B
/game/8773061,2023-06-10 20:28:04,ca,ra3map17c,10:6,B
/game/8773043,2023-06-10 20:16:32,ca,overek,10:4,A
/game/8773024,2023-06-10 20:03:34,ca,asylum,10:7,B
/game/8773004,2023-06-10 19:49:19,ca,drunkenmummy,2:10,A
/game/8772994,2023-06-10 19:42:01,ca,deadandgone,6:10,B
/game/8771694,2023-06-10 01:39:43,ca,ra3map17c,6:10,B
/game/8771513,2023-06-10 00:19:27,ca,deadandgone,10:6,A
/game/8771493,2023-06-10 00:06:33,ca,asylum,4:10,A
/game/8771462,2023-06-09 23:50:05,ca,hiddenfortress,2:10,A
/game/8771435,2023-06-09 23:37:13,ca,trinity,9:10,A
/game/8771396,2023-06-09 23:16:18,ca,almostlost,10:2,A
/game/8771380,2023-06-09 23:06:34,ca,overek,10:4,A
/game/8771354,2023-06-09 22:52:24,ca,campgrounds,6:10,A
/game/8771328,2023-06-09 22:37:11,ca,quarantine,10:7,A
/game/8771299,2023-06-09 22:20:13,ca,servitude,10:5,A
/game/8771272,2023-06-09 22:05:15,ca,asylum,7:10,B
/game/8771248,2023-06-09 21:50:11,ca,deadandgone,10:6,B
/game/8769700,2023-06-08 23:42:18,ca,thunderstruck,10:0,
/game/8769669,2023-06-08 23:28:57,ca,asylum,10:4,B
/game/8769635,2023-06-08 23:16:08,ca,overek,6:10,A
/game/8769604,2023-06-08 23:01:42,ca,hiddenfortress,10:5,A
/game/8769569,2023-06-08 22:45:17,ca,almostlost,10:3,A
/game/8769543,2023-06-08 22:34:29,ca,trinity,10:8,A
/game/8769512,2023-06-08 22:17:17,ca,overek,3:10,A
/game/8769481,2023-06-08 22:03:47,ca,campgrounds,10:8,A
/game/8769438,2023-06-08 21:41:47,ca,quarantine,6:10,A
/game/8769414,2023-06-08 21:25:01,ca,asylum,6:10,A
/game/8769392,2023-06-08 21:10:18,ca,almostlost,5:10,A
/game/8769377,2023-06-08 20:59:03,ca,deadandgone,10:8,B
/game/8768012,2023-06-08 00:25:47,duel,furiousheights,8:6,A
/game/8767975,2023-06-08 00:07:12,duel,cure,9:7,A
/game/8767899,2023-06-07 23:27:02,ca,thunderstruck,9:10,
/game/8767874,2023-06-07 23:15:12,ca,asylum,9:10,A
/game/8767846,2023-06-07 22:57:31,ca,almostlost,10:8,A
/game/8767819,2023-06-07 22:41:31,ca,overek,10:6,A
/game/8767791,2023-06-07 22:24:55,ca,campgrounds,10:9,A
/game/8767762,2023-06-07 22:05:52,ca,deadandgone,10:2,B
/game/8767749,2023-06-07 21:56:25,ca,ra3map13b,5:10,
/game/8766235,2023-06-06 23:15:58,ca,asylum,6:10,A
/game/8766214,2023-06-06 23:03:38,ca,almostlost,10:7,A
/game/8766180,2023-06-06 22:48:28,ca,campgrounds,3:10,A
/game/8766158,2023-06-06 22:35:43,ca,trinity,10:7,A
/game/8766124,2023-06-06 22:21:02,ca,overek,6:10,A
/game/8766096,2023-06-06 22:07:34,ca,drunkenmummy,10:4,B
/game/8766075,2023-06-06 21:55:56,ca,thunderstruck,10:1,
/game/8764536,2023-06-06 00:02:21,ca,asylum,-999:5,
/game/8764513,2023-06-05 23:50:42,ca,overek,10:6,A
/game/8764468,2023-06-05 23:32:27,ca,quarantine,10:4,A
/game/8764435,2023-06-05 23:16:02,ca,trinity,9:10,A
/game/8764403,2023-06-05 22:57:11,ca,almostlost,3:10,A
/game/8764385,2023-06-05 22:47:29,ca,campgrounds,10:5,A
/game/8764358,2023-06-05 22:32:56,ca,asylum,5:10,A
/game/8764338,2023-06-05 22:19:20,ca,drunkenmummy,10:4,B
/game/8764323,2023-06-05 22:09:41,ca,deadandgone,10:9,B
/game/8764298,2023-06-05 21:53:54,ca,thunderstruck,10:1,
/game/8764281,2023-06-05 21:41:26,ca,evolution,9:10,
/game/8764259,2023-06-05 21:28:57,ca,ra3map13b,10:6,
/game/8762743,2023-06-04 23:28:25,ca,asylum,10:8,A
/game/8762717,2023-06-04 23:14:43,ca,almostlost,5:10,A
/game/8762690,2023-06-04 23:01:23,ca,okremix,10:5,A
/game/8762661,2023-06-04 22:45:38,ca,servitude,10:9,A
/game/8762621,2023-06-04 22:25:18,ca,quarantine,8:10,A
/game/8762581,2023-06-04 22:06:54,ca,trinity,10:7,A
/game/8762536,2023-06-04 21:48:22,ca,overek,7:10,A
/game/8762506,2023-06-04 21:34:23,ca,campgrounds,6:10,A
/game/8762474,2023-06-04 21:18:07,ca,asylum,10:7,B
/game/8762452,2023-06-04 21:04:07,ca,almostlost,10:8,A
/game/8762432,2023-06-04 20:50:19,ca,ra3map17c,10:9,B
/game/8762412,2023-06-04 20:39:28,ca,overek,2:10,B
/game/8762389,2023-06-04 20:25:45,ca,fatalinstinct,4:10,B
/game/8762364,2023-06-04 20:10:39,ca,deadandgone,10:6,B
/game/8762343,2023-06-04 19:59:06,ffa,asylum,46:37,
/game/8760779,2023-06-04 00:28:17,ca,ra3map13b,8:10,
/game/8760755,2023-06-04 00:19:06,ca,asylum,10:9,B
/game/8760727,2023-06-04 00:03:49,ca,overek,10:7,A
/game/8760688,2023-06-03 23:50:22,ca,almostlost,10:5,A
/game/8760657,2023-06-03 23:35:59,ca,quarantine,5:10,A
/game/8760627,2023-06-03 23:22:10,ca,campgrounds,10:6,A
/game/8760596,2023-06-03 23:06:08,ca,corrosion,10:6,A
/game/8760569,2023-06-03 22:49:32,ca,servitude,10:9,A
/game/8760538,2023-06-03 22:29:17,ca,almostlost,10:8,A
/game/8760510,2023-06-03 22:13:41,ca,trinity,9:10,A
/game/8760477,2023-06-03 21:53:31,ca,overek,10:7,A
/game/8760445,2023-06-03 21:37:04,ca,ra3map17c,10:5,B
/game/8758794,2023-06-03 00:29:28,ca,hearth,10:3,
/game/8758778,2023-06-03 00:22:53,ca,deadandgone,7:10,B
/game/8758752,2023-06-03 00:09:56,ca,overek,5:10,A
/game/8758726,2023-06-02 23:57:16,ca,campgrounds,7:10,A
/game/8758699,2023-06-02 23:41:57,ca,hiddenfortress,10:5,A
/game/8758662,2023-06-02 23:25:14,ca,quarantine,6:10,A
/game/8758614,2023-06-02 23:00:09,ca,trinity,10:6,A
/game/8758585,2023-06-02 22:45:45,ca,overek,9:10,A
/game/8758552,2023-06-02 22:27:47,ca,almostlost,8:10,A
/game/8758530,2023-06-02 22:13:40,ca,campgrounds,10:5,A
/game/8758499,2023-06-02 21:59:13,ca,asylum,10:4,A
/game/8756838,2023-06-01 23:20:30,ca,asylum,10:9,B
/game/8756805,2023-06-01 23:04:02,ca,trinity,10:7,A
/game/8756778,2023-06-01 22:50:24,ca,deadandgone,2:10,B
/game/8756765,2023-06-01 22:41:15,ca,almostlost,9:10,A
/game/8756732,2023-06-01 22:23:50,ca,quarantine,1:10,A
/game/8756712,2023-06-01 22:11:17,ca,drunkenmummy,9:10,B
/game/8756685,2023-06-01 21:53:32,ca,evolution,5:10,
/game/8756660,2023-06-01 21:35:52,ca,ra3map13b,1:10,
/game/8755132,2023-05-31 23:02:23,ca,trinity,10:9,A
/game/8755099,2023-05-31 22:40:46,ca,quarantine,10:6,A
/game/8755076,2023-05-31 22:23:40,ca,overek,10:5,A
/game/8755056,2023-05-31 22:09:59,ca,almostlost,4:10,A
/game/8755033,2023-05-31 21:56:32,ca,campgrounds,10:3,A
/game/8755011,2023-05-31 21:41:25,ca,asylum,0:10,B
/game/8754996,2023-05-31 21:29:26,ca,thunderstruck,10:4,
/game/8753624,2023-05-31 01:00:37,ca,ra3map13b,10:6,
/game/8753593,2023-05-31 00:51:19,ca,evolution,10:5,
/game/8753559,2023-05-31 00:39:55,ca,thunderstruck,8:10,
/game/8753513,2023-05-31 00:25:09,ca,deadandgone,5:10,B
/game/8753481,2023-05-31 00:15:11,ca,threestory,4:10,B
/game/8753449,2023-05-31 00:04:43,ca,ra3map17c,10:3,B
/game/8753424,2023-05-30 23:54:31,ca,hiddenfortress,7:10,A
/game/8753388,2023-05-30 23:37:25,ca,campgrounds,10:5,A
/game/8753358,2023-05-30 23:22:21,ca,asylum,10:7,A
/game/8753335,2023-05-30 23:06:40,ca,overek,10:7,A
/game/8753305,2023-05-30 22:49:39,ca,trinity,10:8,A
/game/8753275,2023-05-30 22:30:55,ca,almostlost,10:9,A
/game/8753247,2023-05-30 22:13:58,ca,quarantine,10:7,A
/game/8753226,2023-05-30 21:58:24,ca,campgrounds,10:4,A
/game/8753207,2023-05-30 21:44:01,ca,deadandgone,10:4,B
/game/8753191,2023-05-30 21:34:03,ca,ra3map13b,10:9,A
/game/8751414,2023-05-29 22:08:49,ca,quarantine,10:5,A
/game/8751387,2023-05-29 21:53:57,ca,almostlost,10:3,A
/game/8751367,2023-05-29 21:43:26,ca,trinity,10:9,A
/game/8751335,2023-05-29 21:25:27,ca,asylum,2:10,B
/game/8751315,2023-05-29 21:13:05,ca,deadandgone,10:4,B
/game/8749765,2023-05-29 00:14:59,ca,overek,10:5,A
/game/8749733,2023-05-28 23:59:39,ca,servitude,7:10,A
/game/8749691,2023-05-28 23:43:29,ca,trinity,10:9,A
/game/8749640,2023-05-28 23:24:31,ca,campgrounds,8:10,A
/game/8749599,2023-05-28 23:08:19,ca,quarantine,5:10,A
/game/8749557,2023-05-28 22:53:32,ca,overek,10:8,A
/game/8749514,2023-05-28 22:37:13,ca,asylum,10:9,A
/game/8749478,2023-05-28 22:18:53,ca,servitude,10:4,A
/game/8749442,2023-05-28 22:01:00,ca,quarantine,6:10,A
/game/8749419,2023-05-28 21:45:36,ca,almostlost,10:9,A
/game/8749400,2023-05-28 21:29:28,ca,trinity,10:7,A
/game/8749369,2023-05-28 21:12:14,ca,campgrounds,8:10,A
/game/8749344,2023-05-28 20:52:57,ca,asylum,6:10,A
/game/8749325,2023-05-28 20:40:14,ca,deadandgone,5:10,B
/game/8747726,2023-05-28 00:36:02,ca,thunderstruck,10:4,
/game/8747665,2023-05-28 00:03:53,ca,overek,5:10,A
/game/8747630,2023-05-27 23:44:41,ca,quarantine,3:10,A
/game/8747593,2023-05-27 23:25:06,ca,okremix,4:10,A
/game/8747558,2023-05-27 23:09:43,ca,almostlost,10:5,A
/game/8747527,2023-05-27 22:51:07,ca,trinity,9:10,A
/game/8747494,2023-05-27 22:26:38,ca,campgrounds,8:10,A
/game/8747446,2023-05-27 22:06:22,ca,asylum,9:10,A
/game/8747414,2023-05-27 21:49:57,ca,seamsandbolts,9:10,A
/game/8747392,2023-05-27 21:36:16,ca,drunkenmummy,8:10,A
/game/8747373,2023-05-27 21:22:57,ca,thunderstruck,9:10,A
/game/8747344,2023-05-27 20:55:55,race,blackcathedral,-999:-999,
/game/8745624,2023-05-27 00:09:51,ca,thunderstruck,8:-999,
/game/8745599,2023-05-26 23:57:27,ca,trinity,3:10,A
/game/8745571,2023-05-26 23:45:30,ca,quarantine,1:10,A
/game/8745544,2023-05-26 23:35:18,ca,overek,2:10,A
/game/8745514,2023-05-26 23:22:40,ca,almostlost,10:8,A
/game/8745483,2023-05-26 23:06:42,ca,campgrounds,10:9,A
/game/8745450,2023-05-26 22:48:08,ca,hearth,10:8,A
/game/8744174,2023-05-26 02:28:37,ca,thunderstruck,-999:2,
/game/8743804,2023-05-25 23:49:09,ca,trinity,8:10,A
/game/8743768,2023-05-25 23:28:06,ca,almostlost,10:6,A
/game/8743746,2023-05-25 23:15:52,ca,campgrounds,4:10,A
/game/8743724,2023-05-25 23:01:39,ca,overek,9:10,A
/game/8743694,2023-05-25 22:42:41,ca,quarantine,10:9,A
/game/8743590,2023-05-25 21:38:03,ca,deadandgone,3:10,B
/game/8740685,2023-05-24 01:47:36,duel,maido,9:6,
/game/8740613,2023-05-24 01:21:33,ca,campgrounds,10:3,
/game/8740556,2023-05-24 00:59:00,ca,thunderstruck,10:6,
/game/8740453,2023-05-24 00:05:44,ca,ra3map13b,10:3,
/game/8740440,2023-05-23 23:58:19,ca,asylum,10:8,A
/game/8740414,2023-05-23 23:42:33,ca,trinity,9:10,A
/game/8740373,2023-05-23 23:22:33,ca,quarantine,10:7,A
/game/8740342,2023-05-23 23:04:16,ca,overek,10:8,A
/game/8740310,2023-05-23 22:46:37,ca,servitude,5:10,A
/game/8740277,2023-05-23 22:30:24,ca,campgrounds,10:7,A
/game/8740239,2023-05-23 22:12:06,ca,almostlost,7:10,A
/game/8740210,2023-05-23 21:57:33,ca,midlifecrisis,10:8,A
/game/8740184,2023-05-23 21:45:31,ca,asylum,8:10,B
/game/8738789,2023-05-23 00:25:28,ca,deadandgone,10:5,B
/game/8738756,2023-05-23 00:10:30,ca,asylum,10:9,A
/game/8738718,2023-05-22 23:52:46,ca,quarantine,9:10,A
/game/8738669,2023-05-22 23:29:39,ca,overek,9:10,A
/game/8738630,2023-05-22 23:10:30,ca,campgrounds,10:9,A
/game/8738589,2023-05-22 22:51:09,ca,almostlost,10:9,A
/game/8738557,2023-05-22 22:33:19,ca,quarantine,10:8,A
/game/8738529,2023-05-22 22:14:08,ca,overek,10:6,A
/game/8738507,2023-05-22 21:58:07,ca,trinity,2:10,A
/game/8738481,2023-05-22 21:42:14,ca,campgrounds,3:10,A
/game/8738464,2023-05-22 21:27:20,ca,asylum,9:10,B
/game/8738312,2023-05-22 19:02:20,duel,bloodrun,1:-999,A
/game/8738299,2023-05-22 18:53:28,duel,bloodrun,6:-999,A
/game/8738284,2023-05-22 18:41:40,duel,bloodrun,9:-999,A
/game/8738267,2023-05-22 18:30:11,duel,bloodrun,6:-999,A
/game/8738247,2023-05-22 18:15:46,duel,bloodrun,7:-999,A
/game/8738242,2023-05-22 18:07:35,duel,bloodrun,0:-999,A
/game/8738236,2023-05-22 18:04:24,duel,bloodrun,8:-999,A
/game/8738230,2023-05-22 17:59:35,duel,bloodrun,8:-999,A
/game/8737008,2023-05-21 23:42:22,ca,quarantine,10:9,A
/game/8736959,2023-05-21 23:19:43,ca,almostlost,10:6,A
/game/8736930,2023-05-21 23:02:08,ca,corrosion,7:10,A
/game/8736894,2023-05-21 22:44:50,ca,campgrounds,10:2,A
/game/8736866,2023-05-21 22:32:48,ca,trinity,10:7,A
/game/8736829,2023-05-21 22:14:32,ca,overek,4:10,A
/game/8736808,2023-05-21 22:02:06,ca,servitude,5:10,A
/game/8736780,2023-05-21 21:44:13,ca,campgrounds,6:10,A
/game/8736750,2023-05-21 21:28:33,ca,quarantine,7:10,A
/game/8736720,2023-05-21 21:10:15,ca,almostlost,8:10,A
/game/8736697,2023-05-21 20:56:21,ca,trinity,10:6,A
/game/8736666,2023-05-21 20:40:45,ca,asylum,10:5,B
/game/8736648,2023-05-21 20:28:56,ca,ra3map13b,6:10,
/game/8734972,2023-05-21 00:14:41,ca,hiddenfortress,10:8,A
/game/8734936,2023-05-20 23:52:41,ca,servitude,10:7,A
/game/8734897,2023-05-20 23:31:53,ca,overek,10:7,A
/game/8734855,2023-05-20 23:14:20,ca,quarantine,4:10,A
/game/8734833,2023-05-20 23:00:34,ca,almostlost,10:8,A
/game/8734802,2023-05-20 22:43:57,ca,trinity,4:10,A
/game/8734763,2023-05-20 22:25:33,ca,campgrounds,10:3,A
/game/8734741,2023-05-20 22:10:03,ca,servitude,10:9,A
/game/8734721,2023-05-20 21:49:27,ca,quarantine,8:10,A
/game/8734685,2023-05-20 21:18:16,ca,overek,6:10,A
/game/8734656,2023-05-20 20:58:39,ca,campgrounds,9:10,A
/game/8734633,2023-05-20 20:38:01,ca,asylum,9:10,A
/game/8734612,2023-05-20 20:22:30,duel,bloodrun,8:5,A
/game/8734591,2023-05-20 20:06:18,duel,bloodrun,10:-999,A
/game/8734582,2023-05-20 19:58:17,duel,bloodrun,9:-999,A
/game/8734571,2023-05-20 19:45:05,duel,bloodrun,9:-999,A
/game/8733263,2023-05-20 02:05:10,ca,deadandgone,10:4,A
/game/8733229,2023-05-20 01:53:10,ca,servitude,10:6,A
/game/8733183,2023-05-20 01:37:06,ca,hiddenfortress,9:10,A
/game/8733132,2023-05-20 01:17:34,ca,overek,6:10,A
/game/8733090,2023-05-20 00:59:18,ca,trinity,10:5,A
/game/8733050,2023-05-20 00:41:45,ca,campgrounds,10:6,A
/game/8733002,2023-05-20 00:21:18,ca,asylum,10:9,A
/game/8732967,2023-05-20 00:00:40,ca,quarantine,9:10,A
/game/8732922,2023-05-19 23:37:10,ca,almostlost,8:10,A
/game/8732881,2023-05-19 23:16:40,ca,eviscerated,8:10,A
/game/8732858,2023-05-19 23:02:07,ca,hearth,10:3,A
/game/8732844,2023-05-19 22:53:32,ca,evolution,9:10,
/game/8732800,2023-05-19 22:29:57,ca,campgrounds,9:10,A
/game/8732763,2023-05-19 22:08:39,ca,deadandgone,10:4,A
/game/8732744,2023-05-19 21:58:01,ca,asylum,10:9,A
/game/8732700,2023-05-19 21:28:39,ffa,longestyard,30:19,
/game/8729407,2023-05-17 23:37:45,ca,campgrounds,7:10,A
/game/8729369,2023-05-17 23:16:31,ca,almostlost,10:4,A
/game/8729351,2023-05-17 23:03:43,ca,overek,10:5,A
/game/8729324,2023-05-17 22:48:11,ca,deadandgone,10:7,B
/game/8727637,2023-05-16 22:52:28,ca,threestory,10:4,A
/game/8727609,2023-05-16 22:36:56,ca,servitude,6:10,A
/game/8727573,2023-05-16 22:18:44,ca,overek,10:2,A
/game/8727551,2023-05-16 22:06:17,ca,almostlost,10:6,A
/game/8727520,2023-05-16 21:43:27,ca,campgrounds,10:5,A
/game/8727499,2023-05-16 21:27:41,ca,ra3map17c,5:10,A
/game/8727482,2023-05-16 21:10:59,ca,asylum,5:10,A
/game/8727467,2023-05-16 20:57:01,ca,deadandgone,7:10,B
/game/8726034,2023-05-15 23:32:56,ca,trinity,10:7,A
/game/8725998,2023-05-15 23:16:06,ca,campgrounds,1:10,A
/game/8725974,2023-05-15 23:02:18,ca,almostlost,8:10,A
/game/8725945,2023-05-15 22:45:26,ca,quarantine,4:10,A
/game/8725909,2023-05-15 22:29:39,ca,asylum,10:3,A
/game/8724248,2023-05-14 23:03:15,ca,trinity,10:7,A
/game/8724225,2023-05-14 22:46:46,ca,asylum,10:8,A
/game/8724196,2023-05-14 22:29:52,ca,almostlost,8:10,A
/game/8724166,2023-05-14 22:11:36,ca,campgrounds,10:3,A
/game/8724141,2023-05-14 21:55:22,ca,overek,10:9,A
/game/8724111,2023-05-14 21:34:20,ca,deadandgone,7:10,A
/game/8724096,2023-05-14 21:21:49,ca,thunderstruck,10:8,A
/game/8724081,2023-05-14 21:07:07,ca,thunderstruck,10:4,
/game/8724026,2023-05-14 20:31:02,ca,thunderstruck,10:8,
/game/8723951,2023-05-14 19:41:38,ca,quarantine,10:9,A
/game/8723916,2023-05-14 19:19:19,ca,asylum,9:10,A
/game/8723893,2023-05-14 19:01:09,ca,campgrounds,10:3,A
/game/8723869,2023-05-14 18:46:35,ca,thunderstruck,6:10,
/game/8723860,2023-05-14 18:36:27,ca,thunderstruck,6:10,
/game/8722396,2023-05-13 23:30:50,ca,trinity,10:6,A
/game/8722363,2023-05-13 23:11:00,ca,quarantine,10:8,A
/game/8722333,2023-05-13 22:54:23,ca,almostlost,5:10,A
/game/8722305,2023-05-13 22:40:02,ca,campgrounds,10:9,A
/game/8722269,2023-05-13 22:21:13,ca,deadandgone,5:10,A
/game/8722251,2023-05-13 22:08:07,ca,eviscerated,10:3,A
/game/8722231,2023-05-13 21:56:54,ca,drunkenmummy,8:10,A
/game/8722216,2023-05-13 21:45:23,ca,ra3map17c,2:10,A
/game/8722185,2023-05-13 21:25:14,ca,hearth,10:9,A
/game/8722171,2023-05-13 21:10:29,ca,overek,3:10,A
/game/8722158,2023-05-13 20:56:01,ca,campgrounds,10:8,A
/game/8722135,2023-05-13 20:38:42,ca,deadandgone,2:10,A
/game/8722117,2023-05-13 20:27:19,ca,asylum,8:10,A
/game/8722100,2023-05-13 20:13:58,ca,hearth,3:10,A
/game/8720577,2023-05-13 00:30:26,ca,trinity,8:10,A
/game/8720538,2023-05-13 00:07:20,ca,campgrounds,9:10,A
/game/8720498,2023-05-12 23:45:06,ca,quarantine,7:10,A
/game/8720378,2023-05-12 22:39:23,ca,trinity,8:10,A
/game/8720341,2023-05-12 22:21:37,ca,almostlost,10:6,A
/game/8720310,2023-05-12 22:02:52,ca,asylum,10:8,A
/game/8720282,2023-05-12 21:44:36,ca,deadandgone,10:3,A
/game/8720264,2023-05-12 21:32:57,ca,asylum,10:6,A
/game/8720223,2023-05-12 21:06:28,ca,thunderstruck,3:10,
/game/8718643,2023-05-11 23:35:26,ca,thunderstruck,10:9,
/game/8718589,2023-05-11 23:11:03,ca,asylum,3:10,A
/game/8718565,2023-05-11 23:01:25,ca,deadandgone,5:10,B
/game/8716982,2023-05-10 22:45:10,ca,hearth,2:10,B
/game/8716963,2023-05-10 22:31:54,ca,deadandgone,9:10,B
/game/8716941,2023-05-10 22:17:25,ca,asylum,5:10,A
/game/8716924,2023-05-10 22:03:26,ca,thunderstruck,10:5,A
/game/8711790,2023-05-07 22:22:21,ca,asylum,10:6,A
/game/8711767,2023-05-07 22:09:04,ca,overek,3:10,A
/game/8711746,2023-05-07 21:57:19,ca,quarantine,10:7,A
/game/8711715,2023-05-07 21:37:36,ca,campgrounds,9:10,A
/game/8711682,2023-05-07 21:16:31,ca,almostlost,6:10,B
/game/8711658,2023-05-07 21:00:18,ca,deadandgone,8:10,B
/game/8710108,2023-05-07 00:37:41,ca,trinity,10:4,A
/game/8710089,2023-05-07 00:28:52,ca,overek,8:10,A
/game/8710060,2023-05-07 00:13:36,ca,quarantine,10:7,A
/game/8710022,2023-05-06 23:54:18,ca,campgrounds,10:3,A
/game/8709998,2023-05-06 23:43:31,ca,servitude,5:10,A
/game/8709961,2023-05-06 23:25:29,ca,overek,10:7,A
/game/8709936,2023-05-06 23:09:21,ca,quarantine,6:10,A
/game/8709910,2023-05-06 22:53:12,ca,asylum,10:9,B
/game/8709880,2023-05-06 22:35:03,ca,trinity,10:6,A
/game/8709853,2023-05-06 22:21:15,ca,campgrounds,8:10,A
/game/8709828,2023-05-06 22:06:10,ca,deadandgone,3:10,B
/game/8709778,2023-05-06 21:36:10,ca,deadandgone,10:9,A
/game/8709744,2023-05-06 21:16:43,ca,thunderstruck,10:4,
/game/8709532,2023-05-06 18:31:19,duel,campgrounds,8:0,A
/game/8708034,2023-05-05 23:28:54,ca,thunderstruck,10:4,
/game/8708010,2023-05-05 23:16:39,ca,hearth,9:10,B
/game/8707985,2023-05-05 23:00:36,ca,ra3map17c,6:10,B
/game/8707962,2023-05-05 22:49:14,ca,asylum,10:2,B
/game/8707946,2023-05-05 22:37:58,ca,overek,10:7,A
/game/8707920,2023-05-05 22:23:11,ca,trinity,6:10,A
/game/8707893,2023-05-05 22:05:27,ca,almostlost,2:10,A
/game/8707875,2023-05-05 21:53:20,ca,campgrounds,10:9,A
/game/8707854,2023-05-05 21:36:40,ca,deadandgone,10:8,B
/game/8706580,2023-05-05 01:17:47,ca,longestyard,6:10,B
/game/8706557,2023-05-05 01:07:27,ca,ra3map17c,10:6,B
/game/8706534,2023-05-05 00:58:00,ca,hearth,6:10,B
/game/8706507,2023-05-05 00:48:38,ca,asylum,9:10,B
/game/8706477,2023-05-05 00:34:41,ca,deadandgone,5:10,B
/game/8706446,2023-05-05 00:23:10,ca,overek,10:7,A
/game/8706410,2023-05-05 00:07:36,ca,campgrounds,9:10,A
/game/8706376,2023-05-04 23:51:14,ca,trinity,4:10,A
/game/8706347,2023-05-04 23:34:48,ca,eviscerated,10:2,A
/game/8706313,2023-05-04 23:18:00,ca,almostlost,10:5,A
/game/8706288,2023-05-04 23:04:09,ca,hearth,4:10,B
/game/8706266,2023-05-04 22:53:22,ca,asylum,7:10,B
/game/8706227,2023-05-04 22:23:48,ca,ra3map13b,1:10,
/game/8706191,2023-05-04 22:01:37,ca,deadandgone,10:1,
/game/8704670,2023-05-03 23:15:04,ca,hearth,5:10,B
/game/8704631,2023-05-03 22:58:00,ca,quarantine,10:2,A
/game/8704603,2023-05-03 22:44:44,ca,almostlost,10:7,A
/game/8704568,2023-05-03 22:28:53,ca,campgrounds,3:10,A
/game/8704531,2023-05-03 22:10:33,ca,asylum,4:10,B
/game/8704495,2023-05-03 21:53:34,ca,ra3map13b,10:2,
/game/8703015,2023-05-02 23:56:12,ca,campgrounds,10:8,A
/game/8702982,2023-05-02 23:34:35,ca,overek,7:10,A
/game/8702957,2023-05-02 23:18:33,ca,almostlost,2:10,A
/game/8702947,2023-05-02 23:10:46,ca,quarantine,8:10,A
/game/8702913,2023-05-02 22:53:14,ca,trinity,7:10,A
/game/8702875,2023-05-02 22:35:26,ca,deadandgone,10:6,B
/game/8702848,2023-05-02 22:22:09,ca,asylum,8:10,B
/game/8702814,2023-05-02 22:05:43,ca,ra3map17c,10:6,B
/game/8702800,2023-05-02 21:55:03,ca,hearth,10:9,B
/game/8702776,2023-05-02 21:43:21,ca,asylum,4:10,B
/game/8702756,2023-05-02 21:30:57,ca,deadandgone,10:8,B
/game/8701395,2023-05-02 01:13:13,ca,thunderstruck,10:6,
/game/8701352,2023-05-02 00:49:10,ca,thunderstruck,10:1,
/game/8701328,2023-05-02 00:38:31,ca,thunderstruck,10:2,
/game/8701294,2023-05-02 00:23:22,ca,thunderstruck,3:10,
/game/8701274,2023-05-02 00:14:21,ca,ra3map17c,3:10,B
/game/8701251,2023-05-02 00:03:31,ca,drunkenmummy,5:10,A
/game/8701234,2023-05-01 23:53:13,ca,deadandgone,10:7,A
/game/8701208,2023-05-01 23:39:17,ca,quarantine,10:2,A
/game/8701183,2023-05-01 23:26:52,ca,almostlost,10:7,A
/game/8701151,2023-05-01 23:08:31,ca,asylum,5:10,B
/game/8701126,2023-05-01 22:56:20,ca,deadandgone,5:10,B
/game/8701106,2023-05-01 22:45:48,ca,ra3map17c,2:10,
/game/8701089,2023-05-01 22:35:22,ca,overek,10:8,A
/game/8701061,2023-05-01 22:19:39,ca,quarantine,10:8,A
/game/8701028,2023-05-01 22:02:42,ca,hearth,10:8,B
/game/8701005,2023-05-01 21:49:47,ca,asylum,3:10,B
/game/8700992,2023-05-01 21:40:12,ca,deadandgone,10:4,B
/game/8700970,2023-05-01 21:30:00,ca,ra3map17c,9:10,
/game/8700950,2023-05-01 21:18:08,ca,ra3map13b,10:9,
/game/8700932,2023-05-01 21:06:23,ca,thunderstruck,10:9,
/game/8700916,2023-05-01 20:56:45,ca,thunderstruck,10:1,
/game/8699325,2023-05-01 00:53:17,ca,asylum,10:6,A
/game/8699302,2023-05-01 00:41:57,ca,almostlost,10:4,A
/game/8699269,2023-05-01 00:28:13,ca,trinity,10:7,A
/game/8699231,2023-05-01 00:09:57,ca,hiddenfortress,10:7,A
/game/8699187,2023-04-30 23:51:54,ca,overek,10:6,A
/game/8699153,2023-04-30 23:36:42,ca,campgrounds,10:7,A
/game/8699111,2023-04-30 23:19:57,ca,almostlost,10:3,A
/game/8699086,2023-04-30 23:07:34,ca,trinity,2:10,A
/game/8699065,2023-04-30 22:55:43,ca,quarantine,10:3,A
/game/8699039,2023-04-30 22:44:33,ca,servitude,10:9,A
/game/8699000,2023-04-30 22:24:54,ca,campgrounds,5:10,A
/game/8698968,2023-04-30 22:07:29,ca,overek,6:10,A
/game/8698944,2023-04-30 21:52:31,ca,asylum,6:10,A
/game/8697398,2023-04-30 01:45:36,ca,hearth,6:10,A
/game/8697365,2023-04-30 01:30:57,ca,asylum,8:10,A
/game/8697308,2023-04-30 01:09:21,ca,overek,10:7,A
/game/8697271,2023-04-30 00:51:09,ca,quarantine,10:7,A
/game/8697218,2023-04-30 00:30:44,ca,almostlost,9:10,A
/game/8697177,2023-04-30 00:11:34,ca,trinity,2:10,A
/game/8697155,2023-04-29 23:59:59,ca,campgrounds,10:7,A
/game/8697125,2023-04-29 23:43:42,ca,hiddenfortress,10:5,A
/game/8697096,2023-04-29 23:25:26,ca,servitude,6:10,A
/game/8697066,2023-04-29 23:09:08,ca,campgrounds,6:10,A
/game/8697035,2023-04-29 22:52:53,ca,quarantine,6:10,A
/game/8697008,2023-04-29 22:38:48,ca,overek,8:10,A
/game/8696986,2023-04-29 22:25:16,ca,trinity,10:4,A
/game/8696964,2023-04-29 22:11:05,ca,almostlost,10:4,A
/game/8696944,2023-04-29 21:58:25,ca,drunkenmummy,10:6,B
/game/8696921,2023-04-29 21:47:51,ca,asylum,10:7,B
/game/8694979,2023-04-28 23:14:24,ca,aerowalk,0:10,B
/game/8694959,2023-04-28 23:00:46,ca,almostlost,10:8,B
/game/8694919,2023-04-28 22:40:22,ca,ra3map17c,10:9,B
/game/8694903,2023-04-28 22:26:20,ca,asylum,10:5,B
/game/8694876,2023-04-28 22:08:00,ca,hearth,5:10,A
/game/8694863,2023-04-28 21:57:57,ca,deadandgone,10:3,B
/game/8691757,2023-04-27 01:01:45,ca,thunderstruck,10:3,
/game/8691722,2023-04-27 00:45:48,ca,campgrounds,10:5,A
/game/8691697,2023-04-27 00:30:50,ca,trinity,10:9,A
/game/8691663,2023-04-27 00:12:41,ca,quarantine,10:7,A
/game/8691617,2023-04-26 23:53:35,ca,almostlost,10:8,A
/game/8691580,2023-04-26 23:35:34,ca,campgrounds,10:6,A
/game/8691541,2023-04-26 23:16:06,ca,overek,7:10,A
/game/8691514,2023-04-26 23:00:23,ca,asylum,5:10,A
/game/8691483,2023-04-26 22:42:26,ca,drunkenmummy,4:10,
/game/8691451,2023-04-26 22:25:42,ca,evolution,4:10,
/game/8691430,2023-04-26 22:14:11,ca,ra3map13b,7:10,
/game/8691411,2023-04-26 22:01:23,ca,ra3map17c,3:10,B
/game/8691399,2023-04-26 21:53:03,ca,thunderstruck,9:10,
/game/8691306,2023-04-26 20:26:00,duel,verticalvengeance,17:7,A
/game/8691292,2023-04-26 20:13:00,duel,bloodrun,4:3,A
/game/8691270,2023-04-26 19:56:11,duel,bloodrun,7:5,A
/game/8691252,2023-04-26 19:39:24,duel,bloodrun,6:4,A
/game/8689977,2023-04-25 23:38:04,ca,thunderstruck,10:8,
/game/8689956,2023-04-25 23:26:51,ca,almostlost,1:10,A
/game/8689937,2023-04-25 23:16:25,ca,trinity,10:8,A
/game/8689897,2023-04-25 22:55:05,ca,campgrounds,9:10,A
/game/8689864,2023-04-25 22:34:12,ca,drunkenmummy,5:10,B
/game/8689848,2023-04-25 22:25:54,ca,hearth,8:10,B
/game/8689836,2023-04-25 22:15:46,ca,asylum,9:10,B
/game/8689816,2023-04-25 22:00:51,ca,ra3map17c,10:8,B
/game/8689798,2023-04-25 21:50:03,ca,deadandgone,10:5,B
/game/8688077,2023-04-24 21:02:27,ca,hearth,10:5,
/game/8688040,2023-04-24 20:30:00,ca,ra3map17c,10:9,
/game/8688025,2023-04-24 20:17:56,ca,ra3map13b,8:10,
/game/8688012,2023-04-24 20:08:22,ca,deadandgone,10:5,
/game/8687999,2023-04-24 19:57:03,ca,thunderstruck,10:5,
/game/8686424,2023-04-23 22:22:57,ca,asylum,5:10,B
/game/8686389,2023-04-23 22:06:15,ca,deadandgone,5:10,B
/game/8686366,2023-04-23 21:56:41,ca,overek,3:10,A
/game/8686344,2023-04-23 21:46:00,ca,hearth,10:8,B
/game/8686327,2023-04-23 21:34:43,ca,ra3map17c,10:9,B
/game/8686306,2023-04-23 21:22:07,ca,servitude,10:7,A
/game/8686277,2023-04-23 21:02:54,ca,okremix,10:2,A
/game/8686261,2023-04-23 20:51:09,ca,campgrounds,6:10,A
/game/8686243,2023-04-23 20:36:15,ca,almostlost,10:9,A
/game/8686219,2023-04-23 20:19:40,ca,asylum,10:6,B
/game/8686196,2023-04-23 20:00:36,ca,trinity,10:9,
/game/8686164,2023-04-23 19:39:19,ca,overek,6:10,A
/game/8686148,2023-04-23 19:26:25,ca,drunkenmummy,1:10,A
/game/8686140,2023-04-23 19:19:25,ca,ra3map17c,5:10,A
/game/8686131,2023-04-23 19:11:38,ca,hearth,8:10,A
/game/8686116,2023-04-23 18:58:39,ca,deadandgone,10:4,
/game/8686095,2023-04-23 18:36:01,ca,thunderstruck,4:10,
/game/8682749,2023-04-22 00:54:13,ca,ra3map17c,10:4,A
/game/8682718,2023-04-22 00:43:44,ca,midlifecrisis,10:3,A
/game/8682690,2023-04-22 00:33:27,ca,hearth,10:9,A
/game/8682645,2023-04-22 00:20:20,ca,drunkenmummy,9:10,A
/game/8682588,2023-04-21 23:59:38,ca,deadandgone,10:3,
/game/8682507,2023-04-21 23:25:47,ca,deadandgone,9:10,
/game/8682473,2023-04-21 23:04:52,ca,eviscerated,10:2,
/game/8682449,2023-04-21 22:53:06,ca,hearth,10:7,A
/game/8682405,2023-04-21 22:32:09,ca,deadandgone,10:4,A
/game/8682382,2023-04-21 22:19:41,ca,asylum,8:10,A
/game/8682344,2023-04-21 22:01:28,ca,ra3map17c,10:7,A
/game/8682315,2023-04-21 21:47:17,ca,drunkenmummy,6:10,A
/game/8682296,2023-04-21 21:35:16,ca,thunderstruck,7:10,B
/game/8681908,2023-04-21 16:52:04,ca,thunderstruck,7:10,
/game/8681883,2023-04-21 16:31:00,duel,bloodrun,17:6,A
/game/8681869,2023-04-21 16:16:32,duel,campgrounds,15:6,A
/game/8681845,2023-04-21 15:44:19,ca,thunderstruck,8:10,
/game/8681838,2023-04-21 15:33:49,ca,deadandgone,3:10,
/game/8680586,2023-04-20 23:13:27,ca,thunderstruck,2:10,
/game/8680541,2023-04-20 22:45:41,ca,deadandgone,10:9,A
/game/8680484,2023-04-20 22:15:45,ca,trinity,2:10,A
/game/8680452,2023-04-20 21:58:54,ca,almostlost,7:10,A
/game/8680428,2023-04-20 21:42:42,ca,quarantine,10:8,A
/game/8680400,2023-04-20 21:23:18,ca,overek,6:10,A
/game/8680374,2023-04-20 21:07:35,ca,campgrounds,10:5,A
/game/8680353,2023-04-20 20:50:47,ca,asylum,9:10,A
/game/8680334,2023-04-20 20:28:54,ca,thunderstruck,10:6,
/game/8680294,2023-04-20 19:51:02,ca,thunderstruck,9:10,
/game/8678925,2023-04-19 23:17:50,ca,hearth,4:10,
/game/8678907,2023-04-19 23:07:18,ca,thunderstruck,7:10,
/game/8678895,2023-04-19 22:58:36,ca,drunkenmummy,10:5,
/game/8678874,2023-04-19 22:47:16,ca,ra3map17c,10:8,
/game/8678860,2023-04-19 22:37:08,ca,smash,7:10,
/game/8678843,2023-04-19 22:23:05,ca,deadandgone,10:9,
/game/8678805,2023-04-19 21:52:38,ca,thunderstruck,10:6,
/game/8678791,2023-04-19 21:44:10,ca,thunderstruck,9:10,
/game/8677194,2023-04-18 23:02:05,ca,trinity,10:3,A
/game/8677169,2023-04-18 22:47:41,ca,almostlost,4:10,A
/game/8677152,2023-04-18 22:35:44,ca,campgrounds,10:9,A
/game/8677122,2023-04-18 22:17:52,ca,deadandgone,10:9,B
/game/8677103,2023-04-18 22:04:06,ca,ra3map17c,10:4,B
/game/8677093,2023-04-18 21:54:43,ca,hearth,5:10,B
/game/8677075,2023-04-18 21:43:25,ca,thunderstruck,7:10,
/game/8677055,2023-04-18 21:32:28,ca,asylum,10:9,B
/game/8677036,2023-04-18 21:16:01,ca,deadandgone,10:2,B
/game/8675373,2023-04-17 21:33:44,ca,thunderstruck,10:7,
/game/8675281,2023-04-17 20:12:58,ca,asylum,10:5,A
/game/8675268,2023-04-17 19:59:03,ca,deadandgone,10:6,B
/game/8675257,2023-04-17 19:45:08,ca,deadandgone,10:3,
/game/8675248,2023-04-17 19:33:17,ca,smash,10:5,
/game/8675241,2023-04-17 19:24:33,ca,thunderstruck,9:10,
/game/8674256,2023-04-17 01:46:57,ca,thunderstruck,10:7,
/game/8674155,2023-04-17 00:59:56,ca,ra3map17c,10:5,
/game/8674136,2023-04-17 00:51:53,ca,almostlost,10:4,A
/game/8674107,2023-04-17 00:38:46,ca,asylum,10:2,A
/game/8674073,2023-04-17 00:28:24,ca,deadandgone,10:7,A
/game/8674043,2023-04-17 00:14:22,ca,trinity,7:10,A
/game/8674000,2023-04-16 23:57:15,ca,overek,10:3,A
/game/8673970,2023-04-16 23:44:24,ca,quarantine,10:9,A
/game/8673932,2023-04-16 23:23:09,ca,campgrounds,8:10,A
/game/8673903,2023-04-16 23:07:20,ca,overek,8:10,A
/game/8673872,2023-04-16 22:52:51,ca,almostlost,10:8,A
/game/8673841,2023-04-16 22:38:45,ca,asylum,10:4,A
/game/8673808,2023-04-16 22:23:35,ca,thunderstruck,10:6,
/game/8671712,2023-04-15 22:15:49,ca,hearth,10:3,B
/game/8671697,2023-04-15 22:09:54,ca,asylum,10:6,B
/game/8671677,2023-04-15 21:59:16,ca,deadandgone,9:10,B
/game/8671647,2023-04-15 21:46:43,ffa,aerowalk,30:29,
/game/8669772,2023-04-14 23:23:15,ca,drunkenmummy,8:10,
/game/8669752,2023-04-14 23:14:27,ca,evolution,6:10,
/game/8669738,2023-04-14 23:05:16,ca,ra3map17c,10:6,
/game/8669725,2023-04-14 22:56:52,ca,thunderstruck,9:10,
/game/8669709,2023-04-14 22:47:50,ca,ra3map13b,10:4,
/game/8669694,2023-04-14 22:37:59,ca,overek,8:10,A
/game/8669668,2023-04-14 22:23:11,ca,almostlost,7:10,A
/game/8669644,2023-04-14 22:10:48,ca,asylum,8:10,B
/game/8669620,2023-04-14 21:56:31,ca,quarantine,10:7,A
/game/8669593,2023-04-14 21:38:41,ca,campgrounds,6:10,A
/game/8669569,2023-04-14 21:23:14,ca,thunderstruck,10:8,B
/game/8660958,2023-04-09 23:10:36,ca,almostlost,10:7,A
/game/8660929,2023-04-09 22:57:16,ca,campgrounds,10:9,A
/game/8660892,2023-04-09 22:40:42,ca,overek,8:10,A
/game/8660860,2023-04-09 22:25:42,ca,quarantine,10:6,A
/game/8660835,2023-04-09 22:12:26,ca,trinity,9:10,A
/game/8660800,2023-04-09 21:55:12,ca,asylum,5:10,A
/game/8660770,2023-04-09 21:39:27,ca,drunkenmummy,10:3,B
/game/8660754,2023-04-09 21:30:08,ca,deadandgone,10:7,B
/game/8659069,2023-04-08 23:48:35,ca,thunderstruck,9:10,
/game/8659051,2023-04-08 23:36:16,ca,campgrounds,4:10,A
/game/8659031,2023-04-08 23:23:42,ca,trinity,10:5,A
/game/8659003,2023-04-08 23:08:48,ca,overek,5:10,A
/game/8658978,2023-04-08 22:55:07,ca,almostlost,10:7,A
/game/8658953,2023-04-08 22:42:05,ca,ra3map17c,7:10,A
/game/8658920,2023-04-08 22:25:24,ca,hearth,5:10,A
/game/8658901,2023-04-08 22:14:23,ca,campgrounds,6:10,A
/game/8658876,2023-04-08 21:59:19,ca,asylum,10:8,A
/game/8658846,2023-04-08 21:44:42,ca,deadandgone,10:6,A
/game/8656842,2023-04-07 22:38:27,ca,asylum,5:10,B
/game/8656822,2023-04-07 22:26:27,ca,trinity,9:10,A
/game/8656793,2023-04-07 22:09:11,ca,quarantine,7:10,A
/game/8656761,2023-04-07 21:51:02,ca,servitude,4:10,A
/game/8656737,2023-04-07 21:36:09,ca,overek,8:10,A
/game/8656700,2023-04-07 21:18:18,ca,campgrounds,10:6,A
/game/8656673,2023-04-07 20:58:09,ca,asylum,6:10,A
/game/8648318,2023-04-03 01:29:59,duel,campgrounds,17:13,A
/game/8648288,2023-04-03 01:15:06,duel,sinister,9:8,A
/game/8648255,2023-04-03 01:00:28,duel,cure,11:10,A
/game/8648225,2023-04-03 00:47:32,duel,toxicity,15:13,A
/game/8648193,2023-04-03 00:31:54,duel,lostworld,10:9,A
/game/8647972,2023-04-02 22:41:21,ca,overek,6:10,A
/game/8647949,2023-04-02 22:28:03,ca,trinity,10:8,A
/game/8647909,2023-04-02 22:08:55,ca,almostlost,10:4,A
/game/8647889,2023-04-02 21:57:00,ca,campgrounds,10:8,A
/game/8647859,2023-04-02 21:40:17,ca,asylum,1:10,B
/game/8646176,2023-04-02 00:55:58,ca,ra3map13b,10:3,
/game/8646156,2023-04-02 00:48:39,ca,thunderstruck,10:2,
/game/8646135,2023-04-02 00:39:06,ca,drunkenmummy,10:6,A
/game/8646111,2023-04-02 00:29:48,ca,deadandgone,2:10,B
/game/8646088,2023-04-02 00:20:31,ca,ra3map17c,10:6,B
/game/8646064,2023-04-02 00:09:01,ca,hearth,10:1,B
/game/8646049,2023-04-02 00:01:32,ca,deadandgone,10:9,A
/game/8646018,2023-04-01 23:48:59,ca,campgrounds,10:5,A
/game/8645981,2023-04-01 23:32:23,ca,asylum,9:10,A
/game/8645956,2023-04-01 23:18:54,ca,servitude,5:10,A
/game/8645927,2023-04-01 23:04:46,ca,almostlost,8:10,A
/game/8645896,2023-04-01 22:51:26,ca,okremix,5:10,A
/game/8645868,2023-04-01 22:38:45,ca,quarantine,3:10,A
/game/8645845,2023-04-01 22:24:37,ca,campgrounds,6:10,A
/game/8645816,2023-04-01 22:08:17,ca,trinity,10:3,A
/game/8645787,2023-04-01 21:53:58,ca,deadandgone,10:3,B
/game/8645764,2023-04-01 21:42:01,ca,ra3map13b,5:10,
/game/8643654,2023-03-31 22:58:55,ca,ra3map4b,10:3,A
/game/8640139,2023-03-29 21:47:25,ca,drunkenmummy,8:10,B
/game/8640127,2023-03-29 21:37:14,ca,ra3map17c,10:7,A
/game/8640113,2023-03-29 21:26:52,ca,deadandgone,7:10,B
/game/8640099,2023-03-29 21:16:54,ca,thunderstruck,10:3,
/game/8640088,2023-03-29 21:09:51,ca,ra3map13b,10:7,
/game/8639103,2023-03-29 02:05:24,duel,bloodrun,11:10,A
/game/8639067,2023-03-29 01:51:42,duel,lostworld,9:8,A
/game/8639027,2023-03-29 01:36:00,duel,campgrounds,7:6,A
/game/8636976,2023-03-27 22:20:45,ca,asylum,1:10,B
/game/8636964,2023-03-27 22:11:37,ca,trinity,10:5,A
/game/8636936,2023-03-27 21:54:59,ca,campgrounds,2:10,A
/game/8636919,2023-03-27 21:43:09,ca,ra3map17c,10:6,B
/game/8636901,2023-03-27 21:30:27,ca,deadandgone,10:6,B
/game/8635265,2023-03-26 23:23:06,ca,asylum,7:10,A
/game/8635240,2023-03-26 23:11:57,ca,almostlost,10:9,A
/game/8635198,2023-03-26 22:53:41,ca,campgrounds,10:4,A
/game/8635165,2023-03-26 22:38:22,ca,servitude,10:7,A
/game/8635137,2023-03-26 22:20:12,ca,quarantine,10:8,A
/game/8635097,2023-03-26 21:59:18,ca,trinity,10:8,A
/game/8635062,2023-03-26 21:41:36,ca,deadandgone,10:6,B
/game/8630907,2023-03-24 22:51:18,ca,ra3map17c,9:10,B
/game/8630890,2023-03-24 22:39:00,ca,deadandgone,10:8,B
/game/8630871,2023-03-24 22:26:57,ca,drunkenmummy,10:8,B
/game/8630851,2023-03-24 22:12:49,ca,smash,7:10,
/game/8630832,2023-03-24 22:03:09,ca,ra3map13b,10:5,
/game/8630814,2023-03-24 21:53:18,ca,deadandgone,6:10,B
/game/8630792,2023-03-24 21:39:10,ca,hearth,7:10,B
/game/8630763,2023-03-24 21:17:43,ca,asylum,10:3,B
/game/8630745,2023-03-24 21:08:00,ca,deadandgone,10:7,A
/game/8630727,2023-03-24 20:57:02,ca,ra3map17c,10:2,B
/game/8627663,2023-03-23 00:33:18,duel,lostworld,12:11,A
/game/8627619,2023-03-23 00:13:42,duel,bloodrun,8:5,A
/game/8627445,2023-03-22 22:46:38,ca,smash,7:10,
/game/8627425,2023-03-22 22:35:20,ca,hearth,5:10,A
/game/8627409,2023-03-22 22:23:36,ca,hellra3map1a,9:10,A
/game/8627372,2023-03-22 22:00:59,ffa,thunderstruck,30:27,
/game/8627345,2023-03-22 21:45:45,ffa,longestyard,29:28,
/game/8625520,2023-03-21 21:49:36,ca,deadandgone,1:10,
/game/8625510,2023-03-21 21:41:01,ca,hearth,5:10,A
/game/8625490,2023-03-21 21:26:13,ca,thunderstruck,10:7,
/game/8623805,2023-03-20 22:13:48,ca,asylum,4:10,A
/game/8623783,2023-03-20 21:55:54,ca,deadandgone,10:8,
/game/8622165,2023-03-20 00:19:03,ca,deadandgone,8:10,B
/game/8622131,2023-03-20 00:05:39,ca,trinity,10:6,A
/game/8622094,2023-03-19 23:50:42,ca,ra3map17c,6:10,B
/game/8622060,2023-03-19 23:38:41,ca,hearth,10:6,B
/game/8622039,2023-03-19 23:28:21,ca,asylum,10:4,B
/game/8622012,2023-03-19 23:17:48,ca,overek,10:4,A
/game/8621986,2023-03-19 23:05:39,ca,almostlost,10:7,A
/game/8621952,2023-03-19 22:48:43,ca,campgrounds,4:10,A
/game/8621929,2023-03-19 22:36:08,ca,deadandgone,8:10,B
/game/8621900,2023-03-19 22:24:03,ffa,asylum,50:46,B
/game/8621800,2023-03-19 21:27:51,ca,thunderstruck,3:10,
/game/8617673,2023-03-17 22:58:21,ca,ra3map13b,10:6,
/game/8617650,2023-03-17 22:47:06,ca,evolution,2:10,
/game/8617632,2023-03-17 22:36:52,ca,deadandgone,3:10,
/game/8617475,2023-03-17 20:48:42,duel,bloodrun,4:-999,A
/game/8617459,2023-03-17 20:37:37,duel,bloodrun,6:-999,A
/game/8615992,2023-03-17 00:42:35,duel,bloodrun,16:6,A
/game/8615965,2023-03-17 00:30:34,duel,campgrounds,10:-999,A
/game/8615733,2023-03-16 22:43:31,ca,thunderstruck,5:10,
/game/8615632,2023-03-16 21:44:25,ca,thunderstruck,10:4,
/game/8615616,2023-03-16 21:31:19,ca,ra3map13b,4:10,
/game/8613939,2023-03-15 23:39:41,ca,ra3map17c,10:9,B
/game/8613914,2023-03-15 23:26:57,ca,asylum,10:1,B
/game/8613895,2023-03-15 23:17:40,ca,campgrounds,9:10,A
/game/8613862,2023-03-15 22:59:38,ca,almostlost,10:3,A
/game/8613839,2023-03-15 22:47:51,ca,quarantine,10:7,A
/game/8613812,2023-03-15 22:32:19,ca,deadandgone,8:10,A
/game/8613752,2023-03-15 21:48:22,ca,deadandgone,10:6,
/game/8613723,2023-03-15 21:26:45,duel,maido,7:3,
/game/8612118,2023-03-14 23:24:31,ca,trinity,10:5,A
/game/8612093,2023-03-14 23:09:50,ca,okremix,10:8,A
/game/8612064,2023-03-14 22:50:54,ca,servitude,7:10,A
/game/8612040,2023-03-14 22:35:07,ca,campgrounds,8:10,A
/game/8612006,2023-03-14 22:15:28,ca,almostlost,10:9,A
/game/8611983,2023-03-14 21:59:39,ca,quarantine,10:6,A
/game/8611954,2023-03-14 21:41:46,ca,trinity,9:10,A
/game/8611921,2023-03-14 21:18:41,ca,campgrounds,10:7,A
/game/8611899,2023-03-14 20:57:18,ca,hearth,10:4,A
/game/8611886,2023-03-14 20:46:26,ca,asylum,2:10,A
/game/8611875,2023-03-14 20:36:35,ca,deadandgone,9:10,
/game/8611858,2023-03-14 20:21:22,ca,thunderstruck,7:10,
/game/8611691,2023-03-14 17:59:45,duel,bloodrun,13:-999,A
/game/8610344,2023-03-13 23:45:43,ca,deadandgone,3:10,
/game/8610319,2023-03-13 23:33:37,ca,asylum,10:2,A
/game/8610299,2023-03-13 23:22:39,ca,almostlost,10:3,A
/game/8610274,2023-03-13 23:07:24,ca,quarantine,10:5,A
/game/8610247,2023-03-13 22:52:40,ca,overek,10:8,A
/game/8610217,2023-03-13 22:34:34,ca,campgrounds,7:10,A
/game/8610181,2023-03-13 22:15:34,ca,trinity,10:9,A
/game/8610142,2023-03-13 21:54:18,ca,servitude,10:9,A
/game/8610107,2023-03-13 21:33:40,ca,asylum,10:9,A
/game/8610084,2023-03-13 21:17:05,ca,deadandgone,5:10,A
/game/8610067,2023-03-13 21:05:55,ca,ra3map20b,7:10,
/game/8608483,2023-03-12 23:22:35,ca,almostlost,3:10,A
/game/8608458,2023-03-12 23:10:05,ca,overek,10:4,A
/game/8608421,2023-03-12 22:55:59,ca,trinity,10:9,A
/game/8608369,2023-03-12 22:35:12,ca,campgrounds,8:10,A
/game/8608334,2023-03-12 22:17:35,ca,asylum,6:10,B
/game/8608275,2023-03-12 21:39:33,duel,maido,11:7,
/game/8606136,2023-03-11 22:54:37,ca,deadandgone,8:10,
/game/8606111,2023-03-11 22:44:04,ca,hearth,10:9,A
/game/8606074,2023-03-11 22:29:30,ca,campgrounds,7:10,A
/game/8606036,2023-03-11 22:11:41,ca,asylum,10:8,A
/game/8606000,2023-03-11 21:54:57,ca,campgrounds,10:4,A
/game/8605965,2023-03-11 21:39:49,ca,almostlost,7:10,A
/game/8605934,2023-03-11 21:24:20,ca,deadandgone,10:3,A
/game/8605874,2023-03-11 20:47:35,ca,ra3map18c,10:7,
/game/8605850,2023-03-11 20:36:18,ca,thunderstruck,10:6,
/game/8605783,2023-03-11 20:02:30,duel,bloodrun,12:0,A
/game/8605746,2023-03-11 19:40:03,duel,bloodrun,5:-999,A
/game/8603856,2023-03-10 23:37:08,ca,campgrounds,10:4,A
/game/8603832,2023-03-10 23:25:08,ca,trinity,5:10,A
/game/8603801,2023-03-10 23:07:59,ca,almostlost,10:8,A
/game/8603776,2023-03-10 22:51:37,ca,quarantine,2:10,A
/game/8603753,2023-03-10 22:39:01,ca,asylum,5:10,A
/game/8603688,2023-03-10 21:53:58,ca,thunderstruck,4:10,
/game/8603594,2023-03-10 20:55:19,ca,thunderstruck,10:6,
/game/8603565,2023-03-10 20:28:33,race,blackcathedral,-999:-999,
/game/8601956,2023-03-09 23:50:17,ca,overek,10:9,A
/game/8601926,2023-03-09 23:32:56,ca,almostlost,10:8,A
/game/8601897,2023-03-09 23:14:12,ca,trinity,6:10,A
/game/8601872,2023-03-09 22:57:46,ca,servitude,5:10,A
/game/8601847,2023-03-09 22:43:26,ca,campgrounds,10:9,A
/game/8601825,2023-03-09 22:22:18,ca,asylum,10:4,A
/game/8601811,2023-03-09 22:09:29,ca,overek,10:7,A
/game/8601787,2023-03-09 21:50:54,ca,quarantine,9:10,A
/game/8601764,2023-03-09 21:32:14,ca,trinity,6:10,A
/game/8601742,2023-03-09 21:16:54,ca,deadandgone,10:9,B
/game/8600093,2023-03-08 22:32:27,ffa,campgrounds,30:29,
/game/8600075,2023-03-08 22:18:58,dom,servitude,133:150,
/game/8600049,2023-03-08 22:06:31,ca,quarantine,10:8,A
/game/8600018,2023-03-08 21:44:31,ca,overek,10:6,A
/game/8599991,2023-03-08 21:28:00,ca,trinity,5:10,A
/game/8599958,2023-03-08 21:04:29,ca,overkillpp,3:10,A
/game/8599943,2023-03-08 20:52:12,ca,campgrounds,10:7,A
/game/8599925,2023-03-08 20:33:51,ca,almostlost,5:10,A
/game/8599912,2023-03-08 20:19:28,ca,asylum,8:10,B
/game/8599883,2023-03-08 19:55:38,ca,ra3map17c,9:10,
/game/8599865,2023-03-08 19:43:24,ffa,railyard,50:39,B
/game/8599852,2023-03-08 19:30:57,ffa,thunderstruck,30:27,
/game/8598249,2023-03-07 21:58:06,ca,ra3map13b,8:10,
/game/8598238,2023-03-07 21:49:00,ca,thunderstruck,10:5,
/game/8598219,2023-03-07 21:31:35,ca,campgrounds,9:10,A
/game/8598194,2023-03-07 21:12:54,ca,trinity,8:10,A
/game/8598176,2023-03-07 20:56:28,ca,quarantine,10:3,A
/game/8598162,2023-03-07 20:43:22,ca,overek,10:9,A
/game/8598143,2023-03-07 20:26:34,ca,asylum,10:6,A
/game/8598125,2023-03-07 20:09:45,ca,deadandgone,6:10,A
/game/8598113,2023-03-07 19:58:08,ffa,longestyard,30:18,
/game/8598040,2023-03-07 18:51:48,race,blackcathedral,-999:-999,
/game/8598029,2023-03-07 18:42:20,race,theatreofpain,-999:-999,
/game/8594728,2023-03-05 21:36:48,ca,campgrounds,5:10,A
/game/8594703,2023-03-05 21:22:14,ca,trinity,4:10,A
/game/8594679,2023-03-05 21:08:53,ca,almostlost,7:10,A
/game/8594649,2023-03-05 20:49:51,ca,campgrounds,3:10,A
/game/8594620,2023-03-05 20:35:16,ca,overek,10:4,A
/game/8594598,2023-03-05 20:20:35,ca,servitude,5:10,A
/game/8594575,2023-03-05 20:04:14,ca,quarantine,8:10,A
/game/8594546,2023-03-05 19:42:53,ca,almostlost,5:10,A
/game/8594523,2023-03-05 19:30:14,ca,asylum,8:10,A
/game/8592942,2023-03-05 01:00:53,duel,bloodrun,8:-999,A
/game/8592920,2023-03-05 00:50:38,duel,bloodrun,5:4,A
/game/8592894,2023-03-05 00:38:59,duel,bloodrun,5:-999,A
/game/8592873,2023-03-05 00:29:34,duel,bloodrun,6:-999,A
/game/8592802,2023-03-05 00:01:28,ca,campgrounds,10:7,A
/game/8592754,2023-03-04 23:42:45,ca,trinity,10:6,A
/game/8592726,2023-03-04 23:25:39,ca,quarantine,6:10,A
/game/8592693,2023-03-04 23:08:07,ca,corrosion,10:8,A
/game/8592657,2023-03-04 22:49:11,ca,servitude,10:4,A
/game/8592617,2023-03-04 22:32:53,ca,campgrounds,8:10,A
/game/8592574,2023-03-04 22:13:11,ca,asylum,10:7,A
/game/8590466,2023-03-03 22:58:32,ca,almostlost,10:1,A
/game/8590446,2023-03-03 22:46:48,ca,hearth,2:10,A
/game/8590422,2023-03-03 22:36:25,ca,quarantine,10:7,A
/game/8590401,2023-03-03 22:20:50,ca,overek,10:8,A
/game/8590373,2023-03-03 22:02:54,ca,trinity,9:10,A
/game/8590340,2023-03-03 21:39:45,ca,campgrounds,10:9,A
/game/8590310,2023-03-03 21:17:19,ca,almostlost,0:10,A
/game/8590298,2023-03-03 21:07:16,ca,asylum,7:10,A
/game/8590283,2023-03-03 20:50:03,ca,campgrounds,8:10,A
/game/8590257,2023-03-03 20:28:12,ca,deadandgone,10:1,A
/game/8590116,2023-03-03 18:18:42,duel,bloodrun,4:-999,A
/game/8590103,2023-03-03 18:09:35,duel,bloodrun,5:-999,A
/game/8590096,2023-03-03 18:02:23,duel,bloodrun,8:-999,A
/game/8590084,2023-03-03 17:54:48,duel,bloodrun,4:-999,A
/game/8588775,2023-03-02 23:37:57,ca,hearth,7:10,A
/game/8588754,2023-03-02 23:26:05,ca,trinity,10:6,A
/game/8588724,2023-03-02 23:09:41,ca,campgrounds,10:8,A
/game/8588693,2023-03-02 22:50:20,ca,almostlost,10:2,A
/game/8588676,2023-03-02 22:39:59,ca,overek,7:10,A
/game/8588661,2023-03-02 22:27:16,ca,asylum,10:4,A
/game/8588648,2023-03-02 22:13:37,ca,hearth,10:8,A
/game/8588629,2023-03-02 21:55:31,ca,deadandgone,10:9,A
/game/8588610,2023-03-02 21:41:10,ca,asylum,8:10,A
/game/8588567,2023-03-02 21:14:26,ffa,campgrounds,30:19,
/game/8588551,2023-03-02 21:04:40,ca,deadandgone,10:9,A
/game/8588535,2023-03-02 20:50:28,ca,thunderstruck,2:10,
/game/8587219,2023-03-02 01:00:36,duel,bloodrun,4:3,A
/game/8587192,2023-03-02 00:48:27,duel,bloodrun,4:3,A
/game/8587163,2023-03-02 00:35:23,duel,bloodrun,6:-999,A
/game/8587128,2023-03-02 00:21:04,duel,bloodrun,6:-999,A
/game/8586990,2023-03-01 23:11:29,ca,almostlost,6:10,A
/game/8586960,2023-03-01 22:54:56,ca,trinity,7:10,A
/game/8586927,2023-03-01 22:36:10,ca,campgrounds,8:10,A
/game/8586884,2023-03-01 22:15:52,ca,asylum,8:10,A
/game/8586855,2023-03-01 21:57:34,ca,deadandgone,8:10,
/game/8586839,2023-03-01 21:45:25,ca,thunderstruck,4:10,
/game/8586781,2023-03-01 20:38:17,ca,ra3map4b,10:5,
/game/8586772,2023-03-01 20:28:13,ffa,longestyard,29:27,
/game/8586632,2023-03-01 17:35:30,duel,bloodrun,5:-999,A
/game/8586625,2023-03-01 17:29:06,duel,bloodrun,4:-999,A
/game/8586621,2023-03-01 17:25:59,duel,bloodrun,4:-999,A
/game/8586615,2023-03-01 17:20:54,duel,bloodrun,4:-999,A
/game/8585465,2023-03-01 00:09:08,ca,campgrounds,10:4,A
/game/8585442,2023-02-28 23:55:42,ca,asylum,10:8,A
/game/8585418,2023-02-28 23:40:32,ca,overek,9:10,A
/game/8585394,2023-02-28 23:22:41,ca,almostlost,7:10,A
/game/8585380,2023-02-28 23:08:20,ca,trinity,8:10,A
/game/8585356,2023-02-28 22:49:45,ca,campgrounds,10:4,A
/game/8585342,2023-02-28 22:33:32,ca,asylum,10:5,A
/game/8585311,2023-02-28 22:04:09,duel,furiousheights,5:1,A
/game/8585045,2023-02-28 17:26:00,duel,bloodrun,7:-999,A
/game/8583803,2023-02-28 00:12:21,duel,bloodrun,0:-999,A
/game/8583789,2023-02-28 00:04:27,duel,bloodrun,4:3,A
/game/8583712,2023-02-27 23:17:23,ca,overek,6:10,A
/game/8583683,2023-02-27 23:00:18,ca,almostlost,10:4,A
/game/8583665,2023-02-27 22:48:41,ca,asylum,10:9,A
/game/8583639,2023-02-27 22:29:01,ca,thunderstruck,10:0,
/game/8583525,2023-02-27 21:03:13,ffa,campgrounds,30:21,
/game/8583514,2023-02-27 20:52:02,ca,thunderstruck,10:0,
/game/8581901,2023-02-26 23:46:17,ca,asylum,8:10,A
/game/8581869,2023-02-26 23:34:45,ca,overek,3:10,A
/game/8581845,2023-02-26 23:25:24,ca,almostlost,8:10,A
/game/8581811,2023-02-26 23:10:40,ca,corrosion,7:10,A
/game/8581774,2023-02-26 22:53:20,ca,okremix,10:5,A
/game/8581745,2023-02-26 22:40:24,ca,campgrounds,10:4,A
/game/8581709,2023-02-26 22:24:44,ca,servitude,5:10,A
/game/8581677,2023-02-26 22:09:00,ca,quarantine,2:10,A
/game/8581652,2023-02-26 21:54:45,ca,campgrounds,6:10,A
/game/8581620,2023-02-26 21:38:50,ca,trinity,10:3,A
/game/8581597,2023-02-26 21:25:34,ca,asylum,10:6,A
/game/8581575,2023-02-26 21:10:43,ca,hearth,10:6,A
/game/8581555,2023-02-26 20:56:28,ca,thunderstruck,10:8,
/game/8581533,2023-02-26 20:39:47,ca,hiddenfortress,5:10,A
/game/8581505,2023-02-26 20:24:16,ca,overek,10:7,A
/game/8581483,2023-02-26 20:08:54,ca,campgrounds,10:9,A
/game/8581455,2023-02-26 19:50:23,ca,almostlost,7:10,A
/game/8581436,2023-02-26 19:37:05,ca,overek,10:8,A
/game/8581413,2023-02-26 19:21:21,ca,asylum,8:10,A
/game/8581389,2023-02-26 19:07:53,ca,midlifecrisis,10:8,A
/game/8581368,2023-02-26 18:55:47,ffa,campgrounds,30:22,
/game/8579899,2023-02-26 01:06:52,duel,bloodrun,5:-999,A
/game/8579870,2023-02-26 00:56:37,duel,bloodrun,7:-999,A
/game/8579852,2023-02-26 00:48:33,duel,bloodrun,5:4,A
/game/8579760,2023-02-26 00:09:49,ca,cannedheat,9:10,
/game/8579725,2023-02-25 23:54:59,ca,ra3map13b,6:10,
/game/8579707,2023-02-25 23:45:27,ca,thunderstruck,6:10,
/game/8579681,2023-02-25 23:36:58,ca,quarantine,8:10,A
/game/8579642,2023-02-25 23:19:00,ca,campgrounds,10:5,A
/game/8579613,2023-02-25 23:03:22,ca,trinity,3:10,A
/game/8579586,2023-02-25 22:49:57,ca,overek,10:6,A
/game/8579562,2023-02-25 22:36:50,ca,midlifecrisis,2:10,A
/game/8579546,2023-02-25 22:27:56,ca,hearth,6:10,B
/game/8579520,2023-02-25 22:15:16,ca,asylum,10:7,B
/game/8579497,2023-02-25 22:00:23,ca,deadandgone,10:9,B
/game/8579477,2023-02-25 21:49:18,ca,ra3map17c,10:2,B
/game/8579462,2023-02-25 21:40:55,ca,servitude,10:7,A
/game/8579430,2023-02-25 21:23:50,ca,campgrounds,10:4,A
/game/8579407,2023-02-25 21:06:23,ffa,campgrounds,30:20,
/game/8579384,2023-02-25 20:52:20,ca,ra3map13b,10:8,
/game/8579375,2023-02-25 20:43:52,ca,ra3map13b,10:4,
/game/8577774,2023-02-25 01:14:11,duel,bloodrun,11:-999,A
/game/8577746,2023-02-25 01:03:55,duel,bloodrun,5:-999,A
/game/8577736,2023-02-25 00:57:06,duel,bloodrun,5:-999,A
/game/8577594,2023-02-24 23:48:56,ca,servitude,10:6,A
/game/8577563,2023-02-24 23:32:13,ca,almostlost,10:9,A
/game/8577535,2023-02-24 23:15:15,ca,quarantine,9:10,A
/game/8577497,2023-02-24 22:56:12,ca,trinity,10:9,A
/game/8577462,2023-02-24 22:36:55,ca,campgrounds,10:4,A
/game/8577442,2023-02-24 22:23:26,ca,asylum,6:10,B
/game/8575573,2023-02-23 23:25:45,ca,deadandgone,10:5,B
/game/8575552,2023-02-23 23:17:11,ca,asylum,4:10,B
/game/8575530,2023-02-23 23:05:00,ca,hearth,10:1,A
/game/8575510,2023-02-23 22:54:13,ca,drunkenmummy,10:6,A
/game/8575489,2023-02-23 22:41:35,ca,overek,10:9,A
/game/8575462,2023-02-23 22:22:57,ca,campgrounds,10:8,A
/game/8575436,2023-02-23 22:03:27,ca,deadandgone,6:10,A
/game/8575425,2023-02-23 21:52:04,ca,thunderstruck,10:9,
/game/8573737,2023-02-22 23:08:12,ca,trinity,8:10,A
/game/8573712,2023-02-22 22:49:59,ca,overek,7:10,A
/game/8573693,2023-02-22 22:36:37,ca,asylum,10:3,A
/game/8573676,2023-02-22 22:22:14,ca,drunkenmummy,10:3,A
/game/8573660,2023-02-22 22:11:59,ca,hearth,8:10,A
/game/8573636,2023-02-22 21:55:57,ca,campgrounds,7:10,A
/game/8573606,2023-02-22 21:36:55,ca,asylum,10:9,A
/game/8573572,2023-02-22 21:13:49,ca,ra3map19a,10:5,
/game/8571728,2023-02-21 21:09:29,ffa,hellsgate,50:41,
/game/8571689,2023-02-21 20:36:31,ca,thunderstruck,10:0,
/game/8570156,2023-02-20 23:29:29,ca,quarantine,10:5,A
/game/8570123,2023-02-20 23:12:08,ca,almostlost,3:10,A
/game/8570091,2023-02-20 22:58:47,ca,trinity,7:10,A
/game/8570053,2023-02-20 22:38:44,ca,campgrounds,10:9,A
/game/8570023,2023-02-20 22:20:06,ca,overek,10:5,A
/game/8569992,2023-02-20 22:03:24,ca,asylum,10:2,B
/game/8569976,2023-02-20 21:52:00,ca,deadandgone,4:10,B
/game/8569958,2023-02-20 21:40:33,ffa,hellsgate,50:46,B
/game/8568376,2023-02-20 00:13:22,ca,overek,10:4,A
/game/8568346,2023-02-20 00:02:26,ca,quarantine,10:2,A
/game/8568321,2023-02-19 23:50:52,ca,almostlost,3:10,A
/game/8568301,2023-02-19 23:41:32,ca,overek,4:10,A
/game/8568272,2023-02-19 23:29:27,ca,servitude,10:4,A
/game/8568242,2023-02-19 23:13:01,ca,hiddenfortress,10:8,A
/game/8568202,2023-02-19 22:55:52,ca,asylum,10:8,B
/game/8568178,2023-02-19 22:42:15,ffa,campgrounds,30:28,
/game/8568168,2023-02-19 22:35:55,ffa,railyard,50:48,B
/game/8568147,2023-02-19 22:26:15,ffa,campgrounds,30:28,
/game/8568124,2023-02-19 22:13:59,ca,thunderstruck,10:3,
/game/8568086,2023-02-19 21:55:44,ca,hellsgate,8:10,
/game/8568064,2023-02-19 21:42:41,ca,ra3map13b,6:10,
/game/8568052,2023-02-19 21:33:05,ca,thunderstruck,10:6,
/game/8568027,2023-02-19 21:17:39,ca,thunderstruck,10:3,
/game/8568002,2023-02-19 21:03:47,ca,asylum,10:2,B
/game/8567980,2023-02-19 20:50:11,ca,overek,4:10,A
/game/8567959,2023-02-19 20:37:06,ca,campgrounds,10:6,A
/game/8567926,2023-02-19 20:17:01,ca,almostlost,1:10,A
/game/8567910,2023-02-19 20:06:21,ca,trinity,5:10,A
/game/8567878,2023-02-19 19:46:45,ca,campgrounds,10:5,A
/game/8567855,2023-02-19 19:30:48,ca,deadandgone,10:3,B
/game/8566038,2023-02-18 22:57:27,ca,overek,8:10,A
/game/8566020,2023-02-18 22:45:38,ca,trinity,10:9,A
/game/8565990,2023-02-18 22:27:54,ca,asylum,7:10,A
/game/8565965,2023-02-18 22:10:39,ca,almostlost,10:8,A
/game/8565937,2023-02-18 21:56:31,ca,campgrounds,5:10,A
/game/8565905,2023-02-18 21:40:17,ca,ra3map17c,10:7,B
/game/8565882,2023-02-18 21:28:33,ca,deadandgone,10:5,B
/game/8565866,2023-02-18 21:15:36,ca,ra3map13b,6:10,
/game/8565842,2023-02-18 21:03:13,ca,thunderstruck,10:3,
/game/8564239,2023-02-18 01:32:16,ca,campgrounds,10:6,A
/game/8564196,2023-02-18 01:17:47,ca,ra3map17c,10:3,B
/game/8564152,2023-02-18 01:03:34,ca,midlifecrisis,10:2,A
/game/8564123,2023-02-18 00:53:43,ca,hearth,10:8,B
/game/8564091,2023-02-18 00:40:37,ca,drunkenmummy,5:10,A
/game/8564066,2023-02-18 00:29:17,ca,deadandgone,10:8,B
/game/8564028,2023-02-18 00:14:43,ca,asylum,6:10,A
/game/8563994,2023-02-18 00:00:04,ca,hiddenfortress,4:10,A
/game/8563960,2023-02-17 23:45:51,ca,fatalinstinct,10:6,A
/game/8563930,2023-02-17 23:31:55,ca,overek,10:7,A
/game/8563893,2023-02-17 23:14:35,ca,quarantine,5:10,A
/game/8563860,2023-02-17 22:55:58,ca,campgrounds,10:4,A
/game/8563834,2023-02-17 22:39:54,ca,trinity,6:10,A
/game/8563804,2023-02-17 22:23:07,ca,almostlost,6:10,A
/game/8563783,2023-02-17 22:09:44,ca,deadandgone,6:10,B
/game/8563760,2023-02-17 21:57:21,ca,ra3map13b,4:10,
/game/8562577,2023-02-17 02:56:28,duel,bloodrun,5:-999,A
/game/8562552,2023-02-17 02:46:59,duel,bloodrun,2:-999,A
/game/8562530,2023-02-17 02:39:59,duel,bloodrun,5:-999,A
/game/8562506,2023-02-17 02:30:57,duel,bloodrun,4:-999,A
/game/8562102,2023-02-16 23:32:45,ca,ra3map17c,-999:2,
/game/8562096,2023-02-16 23:30:54,ca,hearth,4:10,B
/game/8562078,2023-02-16 23:20:23,ca,deadandgone,6:10,A
/game/8562053,2023-02-16 23:06:17,ca,quarantine,4:10,A
/game/8562036,2023-02-16 22:53:22,ca,overek,5:10,A
/game/8562013,2023-02-16 22:39:07,ca,trinity,10:6,A
/game/8561995,2023-02-16 22:23:07,ca,asylum,10:9,A
/game/8561979,2023-02-16 22:07:54,ca,campgrounds,10:8,A
/game/8561963,2023-02-16 21:50:49,ca,ra3map17c,5:10,A
/game/8561953,2023-02-16 21:40:13,ca,hearth,10:5,B
/game/8561943,2023-02-16 21:30:55,ca,thunderstruck,6:10,A
/game/8561732,2023-02-16 17:43:04,duel,bloodrun,5:-999,A
/game/8561725,2023-02-16 17:33:13,duel,bloodrun,6:-999,A
/game/8561718,2023-02-16 17:27:24,duel,bloodrun,5:-999,A
/game/8561703,2023-02-16 17:14:00,duel,bloodrun,5:-999,A
/game/8561693,2023-02-16 17:03:56,duel,bloodrun,5:-999,A
/game/8561683,2023-02-16 16:56:32,duel,bloodrun,5:-999,A
/game/8560799,2023-02-16 02:37:14,duel,bloodrun,1:0,A
/game/8560760,2023-02-16 02:22:50,duel,bloodrun,5:-999,A
/game/8560737,2023-02-16 02:14:52,duel,bloodrun,3:2,A
/game/8560703,2023-02-16 02:00:52,duel,bloodrun,4:1,A
/game/8560649,2023-02-16 01:43:09,duel,bloodrun,6:2,A
/game/8560340,2023-02-15 23:23:11,ca,hearth,9:10,
/game/8560313,2023-02-15 23:09:05,ca,hiddenfortress,10:5,A
/game/8560291,2023-02-15 22:53:09,ca,asylum,10:9,A
/game/8560269,2023-02-15 22:37:18,ca,servitude,8:10,A
/game/8560242,2023-02-15 22:17:37,ca,trinity,3:10,A
/game/8560220,2023-02-15 22:02:29,ca,almostlost,8:10,A
/game/8560195,2023-02-15 21:44:00,ca,quarantine,9:10,A
/game/8560173,2023-02-15 21:26:34,ca,campgrounds,2:10,A
/game/8560157,2023-02-15 21:14:55,ca,asylum,10:3,B
/game/8560149,2023-02-15 21:05:20,ca,deadandgone,10:7,B
/game/8559938,2023-02-15 17:09:33,duel,bloodrun,6:-999,A
/game/8559931,2023-02-15 17:02:08,duel,bloodrun,4:-999,A
/game/8559927,2023-02-15 16:58:26,duel,bloodrun,5:-999,A
/game/8559083,2023-02-15 02:22:31,duel,bloodrun,7:-999,A
/game/8559054,2023-02-15 02:11:06,duel,bloodrun,4:-999,A
/game/8559023,2023-02-15 01:57:58,duel,bloodrun,6:-999,A
/game/8558983,2023-02-15 01:44:24,duel,bloodrun,6:-999,A
/game/8558966,2023-02-15 01:35:49,duel,bloodrun,4:-999,A
/game/8558940,2023-02-15 01:27:19,duel,bloodrun,3:-999,A
/game/8558885,2023-02-15 01:09:05,duel,bloodrun,6:-999,A
/game/8558860,2023-02-15 01:00:48,duel,bloodrun,3:-999,A
/game/8558602,2023-02-14 22:35:39,ffa,campgrounds,30:28,
/game/8558590,2023-02-14 22:25:01,ca,asylum,4:10,B
/game/8558575,2023-02-14 22:12:41,ca,overek,3:10,A
/game/8558559,2023-02-14 21:59:07,ca,campgrounds,9:10,A
/game/8558536,2023-02-14 21:40:59,ca,almostlost,10:4,A
/game/8558522,2023-02-14 21:26:00,ca,trinity,10:7,A
/game/8558500,2023-02-14 21:05:37,ca,overek,10:0,A
/game/8558487,2023-02-14 20:54:49,ca,asylum,10:5,B
/game/8558471,2023-02-14 20:40:48,ca,deadandgone,6:10,B
/game/8558454,2023-02-14 20:24:11,ca,ra3map13b,10:5,
/game/8558297,2023-02-14 16:59:14,duel,bloodrun,10:-999,A
/game/8558287,2023-02-14 16:48:22,duel,bloodrun,4:-999,A
/game/8558280,2023-02-14 16:37:46,duel,bloodrun,3:-999,A
/game/8557417,2023-02-14 02:33:16,duel,bloodrun,3:-999,A
/game/8557405,2023-02-14 02:28:43,duel,bloodrun,7:-999,A
/game/8557388,2023-02-14 02:20:39,duel,bloodrun,5:-999,A
/game/8557288,2023-02-14 01:40:43,duel,bloodrun,9:4,A
/game/8556997,2023-02-13 23:38:42,ca,asylum,10:5,B
/game/8556973,2023-02-13 23:24:45,ca,overek,4:10,A
/game/8556951,2023-02-13 23:11:05,ca,hiddenfortress,10:3,A
/game/8556927,2023-02-13 22:58:08,ca,campgrounds,6:10,A
/game/8556901,2023-02-13 22:43:04,ca,quarantine,5:10,A
/game/8556875,2023-02-13 22:24:42,ca,felost,10:9,A
/game/8556850,2023-02-13 22:04:56,ca,overek,10:6,A
/game/8556830,2023-02-13 21:51:00,ca,trinity,7:10,A
/game/8556800,2023-02-13 21:32:16,ca,hearth,5:10,B
/game/8556781,2023-02-13 21:18:50,ca,asylum,5:10,B
/game/8556770,2023-02-13 21:07:44,ca,ra3map17c,2:10,B
/game/8556758,2023-02-13 20:56:29,ca,drunkenmummy,9:10,B
/game/8556743,2023-02-13 20:45:05,ca,ra3map20b,3:10,
/game/8556731,2023-02-13 20:35:47,ca,thunderstruck,10:9,
/game/8556717,2023-02-13 20:21:14,ffa,longestyard,50:18,
/game/8556705,2023-02-13 20:09:28,ca,deadandgone,3:10,B
/game/8556693,2023-02-13 19:59:09,ca,ra3map13b,10:0,
/game/8556691,2023-02-13 19:53:00,ca,thunderstruck,10:6,
/game/8556669,2023-02-13 19:32:49,duel,bloodrun,6:-999,A
/game/8556657,2023-02-13 19:17:26,duel,bloodrun,6:-999,A
/game/8556652,2023-02-13 19:11:00,duel,bloodrun,4:-999,A
/game/8556646,2023-02-13 19:03:55,duel,bloodrun,5:-999,A
/game/8556642,2023-02-13 19:00:36,duel,bloodrun,7:-999,A
/game/8556634,2023-02-13 18:51:23,duel,bloodrun,6:-999,A
/game/8556628,2023-02-13 18:46:02,duel,bloodrun,6:-999,A
/game/8555139,2023-02-12 23:12:29,ca,deadandgone,10:4,A
/game/8555116,2023-02-12 23:02:51,ca,asylum,10:7,A
/game/8555079,2023-02-12 22:46:32,ca,hiddenfortress,10:3,A
/game/8555058,2023-02-12 22:36:32,ca,okremix,2:10,A
/game/8555032,2023-02-12 22:22:53,ca,almostlost,9:10,A
/game/8554998,2023-02-12 22:06:15,ca,campgrounds,10:8,A
/game/8554968,2023-02-12 21:48:18,ca,servitude,10:2,A
/game/8554940,2023-02-12 21:34:38,ca,overek,10:8,A
/game/8554911,2023-02-12 21:18:19,ca,trinity,2:10,A
/game/8554892,2023-02-12 21:06:48,ca,quarantine,10:7,A
/game/8554871,2023-02-12 20:51:06,ca,asylum,6:10,B
/game/8554849,2023-02-12 20:38:48,ca,hearth,10:6,B
/game/8554832,2023-02-12 20:29:03,ca,ra3map17c,9:10,A
/game/8554800,2023-02-12 20:11:40,ca,deadandgone,6:10,B
/game/8554777,2023-02-12 19:57:24,ca,drunkenmummy,5:10,A
/game/8554760,2023-02-12 19:46:38,ca,asylum,9:10,A
/game/8554738,2023-02-12 19:31:38,ca,deadandgone,6:10,A
/game/8554716,2023-02-12 19:20:07,ca,thunderstruck,10:6,
/game/8554682,2023-02-12 18:55:46,ca,thunderstruck,10:6,
/game/8554455,2023-02-12 15:53:34,duel,bloodrun,4:-999,A
/game/8554442,2023-02-12 15:44:55,duel,bloodrun,3:-999,A
/game/8554424,2023-02-12 15:31:15,duel,bloodrun,3:-999,A
/game/8554394,2023-02-12 15:05:49,duel,bloodrun,26:1,A
/game/8554376,2023-02-12 14:54:43,duel,bloodrun,4:-999,A
/game/8554363,2023-02-12 14:43:33,duel,bloodrun,6:-999,A
/game/8552959,2023-02-12 01:02:24,duel,bloodrun,4:-999,A
/game/8552935,2023-02-12 00:52:51,duel,bloodrun,12:-999,A
/game/8552922,2023-02-12 00:44:10,duel,bloodrun,5:4,A
/game/8552768,2023-02-11 23:40:57,ca,trinity,10:9,A
/game/8552738,2023-02-11 23:24:31,ca,servitude,10:5,A
/game/8552705,2023-02-11 23:05:50,ca,quarantine,10:3,A
/game/8552683,2023-02-11 22:52:11,ca,almostlost,6:10,A
/game/8552665,2023-02-11 22:41:08,ca,hearth,10:4,A
/game/8552301,2023-02-11 19:07:47,duel,bloodrun,7:-999,A
/game/8552288,2023-02-11 18:57:58,duel,bloodrun,2:-999,A
/game/8552284,2023-02-11 18:53:27,duel,bloodrun,6:5,A
/game/8552270,2023-02-11 18:42:22,duel,bloodrun,4:-999,A
/game/8552254,2023-02-11 18:29:15,duel,bloodrun,6:-999,A
/game/8550578,2023-02-10 23:32:30,ca,campgrounds,10:3,A
/game/8550556,2023-02-10 23:20:28,ca,almostlost,10:6,A
/game/8550533,2023-02-10 23:07:01,ca,trinity,10:8,A
/game/8550514,2023-02-10 22:52:10,ca,okremix,10:4,A
/game/8550488,2023-02-10 22:35:56,ca,quarantine,6:10,A
/game/8550466,2023-02-10 22:23:08,ca,campgrounds,10:3,A
/game/8550452,2023-02-10 22:11:46,ca,asylum,9:10,B
/game/8550435,2023-02-10 21:58:01,ca,deadandgone,10:5,B
/game/8550282,2023-02-10 19:51:51,duel,bloodrun,4:-999,A
/game/8550271,2023-02-10 19:44:08,duel,bloodrun,5:-999,A
/game/8550270,2023-02-10 19:42:00,duel,bloodrun,5:-999,A
/game/8548613,2023-02-09 22:25:18,ca,ra3map13b,7:10,
/game/8548599,2023-02-09 22:15:13,ca,asylum,4:10,B
/game/8548583,2023-02-09 22:03:11,ca,campgrounds,10:6,A
/game/8548567,2023-02-09 21:49:20,ca,overek,10:6,A
/game/8548551,2023-02-09 21:34:24,ca,trinity,8:10,A
/game/8548532,2023-02-09 21:14:02,ca,thunderstruck,7:10,
/game/8546938,2023-02-08 23:26:30,ca,trinity,8:10,A
/game/8546902,2023-02-08 23:07:47,ca,campgrounds,7:10,A
/game/8546876,2023-02-08 22:50:10,ca,quarantine,10:9,A
/game/8546847,2023-02-08 22:29:56,ca,hearth,1:10,B
/game/8546822,2023-02-08 22:12:55,ca,asylum,10:1,B
/game/8546812,2023-02-08 22:05:09,ca,deadandgone,6:10,B
/game/8546796,2023-02-08 21:53:53,ca,ra3map13b,6:10,
/game/8546766,2023-02-08 21:30:04,ca,ra3map13b,3:10,
/game/8546597,2023-02-08 18:32:40,duel,bloodrun,6:4,A
/game/8546587,2023-02-08 18:20:45,duel,bloodrun,4:-999,A
/game/8546579,2023-02-08 18:12:45,duel,bloodrun,4:-999,A
/game/8546577,2023-02-08 18:09:40,duel,bloodrun,5:-999,A
/game/8546567,2023-02-08 17:57:48,duel,bloodrun,5:-999,A
/game/8546563,2023-02-08 17:52:43,duel,bloodrun,4:-999,A
/game/8546559,2023-02-08 17:45:51,duel,bloodrun,5:-999,A
/game/8546551,2023-02-08 17:35:07,duel,bloodrun,5:4,A
/game/8545242,2023-02-07 23:44:37,ca,drunkenmummy,10:4,A
/game/8545219,2023-02-07 23:34:29,ca,asylum,10:2,A
/game/8545202,2023-02-07 23:23:04,ca,overek,8:10,A
/game/8545175,2023-02-07 23:05:57,ca,servitude,7:10,A
/game/8545142,2023-02-07 22:47:44,ca,almostlost,10:6,A
/game/8545116,2023-02-07 22:32:22,ca,trinity,10:9,A
/game/8545086,2023-02-07 22:12:08,ca,campgrounds,10:8,A
/game/8545060,2023-02-07 21:53:43,ca,quarantine,10:8,A
/game/8545037,2023-02-07 21:34:57,ca,asylum,4:10,A
/game/8545014,2023-02-07 21:16:41,ca,deadandgone,10:4,A
/game/8544999,2023-02-07 21:02:20,ca,thunderstruck,1:10,
/game/8544891,2023-02-07 19:15:04,duel,bloodrun,3:-999,A
/game/8544883,2023-02-07 19:08:42,duel,bloodrun,2:-999,A
/game/8544875,2023-02-07 18:59:35,duel,bloodrun,4:-999,A
/game/8544865,2023-02-07 18:52:16,duel,bloodrun,5:-999,A
/game/8544799,2023-02-07 17:36:25,duel,bloodrun,2:-999,A
/game/8544788,2023-02-07 17:25:35,duel,bloodrun,5:-999,A
/game/8543503,2023-02-06 22:28:48,ca,deadandgone,7:10,B
/game/8543488,2023-02-06 22:17:48,ca,campgrounds,7:10,A
/game/8543469,2023-02-06 22:00:06,ca,servitude,10:5,A
/game/8543446,2023-02-06 21:43:12,ca,quarantine,8:10,A
/game/8543421,2023-02-06 21:23:09,ca,campgrounds,6:10,A
/game/8543400,2023-02-06 21:06:40,ca,trinity,9:10,A
/game/8543381,2023-02-06 20:48:11,ca,asylum,8:10,B
/game/8543362,2023-02-06 20:30:12,ca,ra3map17c,8:10,B
/game/8542327,2023-02-06 02:09:27,duel,bloodrun,6:5,A
/game/8542295,2023-02-06 01:58:25,duel,sinister,12:-999,A
/game/8542251,2023-02-06 01:43:21,duel,furiousheights,12:-999,A
/game/8542217,2023-02-06 01:34:04,duel,furiousheights,10:-999,A
/game/8542191,2023-02-06 01:25:44,duel,bloodrun,11:8,A
/game/8542154,2023-02-06 01:15:00,duel,bloodrun,11:3,A
/game/8542121,2023-02-06 01:03:39,duel,bloodrun,4:-999,A
/game/8542101,2023-02-06 00:55:38,duel,bloodrun,17:6,A
/game/8542068,2023-02-06 00:43:04,duel,bloodrun,5:-999,A
/game/8542043,2023-02-06 00:32:42,duel,bloodrun,3:1,A
/game/8542015,2023-02-06 00:21:40,duel,bloodrun,6:-999,A
/game/8541986,2023-02-06 00:10:43,duel,bloodrun,5:-999,A
/game/8541842,2023-02-05 23:08:05,ca,ra3map13b,10:5,
/game/8541827,2023-02-05 23:00:52,ca,trinity,4:10,A
/game/8541800,2023-02-05 22:48:05,ca,asylum,8:10,A
/game/8541779,2023-02-05 22:35:47,ca,overek,10:6,A
/game/8541759,2023-02-05 22:22:32,ca,campgrounds,10:3,A
/game/8541731,2023-02-05 22:07:21,ca,quarantine,10:3,A
/game/8541709,2023-02-05 21:55:30,ca,geo_core,10:4,A
/game/8541690,2023-02-05 21:43:48,ca,almostlost,10:8,A
/game/8541576,2023-02-05 20:29:29,ca,asylum,10:7,B
/game/8541563,2023-02-05 20:18:39,ca,ra3map17c,10:7,B
/game/8541545,2023-02-05 20:07:05,ca,drunkenmummy,5:10,B
/game/8541534,2023-02-05 19:58:03,ca,thunderstruck,7:10,
/game/8541510,2023-02-05 19:41:17,ca,asylum,10:7,B
/game/8541495,2023-02-05 19:28:46,ca,deadandgone,10:9,B
/game/8541401,2023-02-05 18:09:24,ca,deadandgone,5:10,B
/game/8541388,2023-02-05 17:57:26,ca,hearth,8:10,B
/game/8541374,2023-02-05 17:46:05,ca,ra3map13b,5:10,
/game/8541366,2023-02-05 17:38:34,ca,drunkenmummy,10:6,
/game/8541349,2023-02-05 17:28:28,ca,deadandgone,9:10,
/game/8541336,2023-02-05 17:16:34,ca,thunderstruck,9:10,
/game/8539996,2023-02-05 00:11:47,ca,hiddenfortress,10:5,A
/game/8539980,2023-02-04 23:59:41,ca,servitude,10:7,A
/game/8539948,2023-02-04 23:39:21,ca,campgrounds,10:9,A
/game/8539913,2023-02-04 23:19:26,ca,overek,4:10,A
/game/8539891,2023-02-04 23:06:21,ca,almostlost,6:10,A
/game/8539864,2023-02-04 22:52:27,ca,servitude,10:8,A
/game/8539834,2023-02-04 22:30:55,ca,quarantine,7:10,A
/game/8539812,2023-02-04 22:14:59,ca,overek,10:3,A
/game/8539797,2023-02-04 22:01:27,ca,campgrounds,3:10,A
/game/8539779,2023-02-04 21:46:15,ca,trinity,10:8,A
/game/8539756,2023-02-04 21:28:03,ca,asylum,5:10,A
